Plant Name,Scientific Name,Identification,Image File Name,Status,Category,Edibility,Usage,WNNC Location,Notes,Google Search Link,Calscape Link
California Black Walnut,Juglans californica,Large pinnate leaves (9-19 leaflets); round green husked nuts; furrowed dark bark; rounded canopy to 30ft,California_Black_Walnut.jpg,Native,Tree,Edible,Nuts edible; dye from husks; shade tree; wildlife food; endemic,Hiking trail/Butterfly Garden/Parking Lot,,https://www.google.com/search?q=California%20Black%20Walnut%20California%20native%20plant,https://calscape.org/plant/Juglans-californica
Common Yarrow,Achillea millefolium,"Feathery, finely divided fernlike leaves; flat-topped white flower clusters; strong herbal scent when crushed",Common_Yarrow.jpg,Native,Herb,Caution,Medicinal wound herb; dried arrangements; pollinator; dye plant,Butterfly Garden,,https://www.google.com/search?q=Common%20Yarrow%20California%20native%20plant,https://calscape.org/plant/Achillea-millefolium
Showy Penstemon,Penstemon spectabilis,Opposite toothed blue-green leaves; tubular lavender-purple flowers in showy spikes; spring blooming,Showy_Penstemon.jpg,Native,Herb,Not edible,Ornamental; hummingbird & bee plant; dry slope garden,Butterfly Garden,,https://www.google.com/search?q=Showy%20Penstemon%20California%20native%20plant,https://calscape.org/plant/Penstemon-spectabilis
Narrowleaf Milkweed,Asclepias fascicularis,Narrow linear leaves in whorls; small pink-purple flowers in clusters; slender seed pods with silky floss,Narrowleaf_Milkweed.jpg,Native,Herb,Poisonous,Monarch butterfly host; wildlife; restoration planting; toxic raw,Butterfly Garden,,https://www.google.com/search?q=Narrowleaf%20Milkweed%20California%20native%20plant,https://calscape.org/plant/Asclepias-fascicularis
White Sage,Salvia apiana,Silvery-white aromatic leaves; white to pale lavender flowers on tall wands; strong distinctive scent,White_Sage.jpg,Native,Shrub,Edible,Ceremonial smudging; medicinal; culinary; pollinator; cultural significance,Butterfly Garden,,https://www.google.com/search?q=White%20Sage%20California%20native%20plant,https://calscape.org/plant/Salvia-apiana
Hummingbird Sage,Salvia spathacea,Large wrinkled sticky leaves; magenta tubular flowers on upright spikes; strong fruity-sage aroma,Hummingbird_Sage.jpg,Native,Herb,Edible,Leaves edible as tea; hummingbird plant; shade garden; medicinal,Butterfly Garden,,https://www.google.com/search?q=Hummingbird%20Sage%20California%20native%20plant,https://calscape.org/plant/Salvia-spathacea
California Wild Grape,Vitis californica,Lobed maple-like leaves; climbing vine with tendrils; small dark purple grapes in clusters; fall color,California_Wild_Grape.jpg,Native,Vine,Edible,Fruit edible fresh or dried (raisins); leaves used in cooking; wildlife food; shade arbor vine; makes tart juice and jelly,T1,,https://www.google.com/search?q=California%20Wild%20Grape%20California%20native%20plant,https://calscape.org/plant/Vitis-californica
Stinging Nettle,Urtica dioica,Opposite toothed leaves covered with stinging hairs; small greenish flowers; hollow stems; spreads by rhizomes,Stinging_Nettle.jpg,Native,Herb,Caution,Edible cooked (nutritious); fiber for cordage; medicinal; dye plant,T1,,https://www.google.com/search?q=Stinging%20Nettle%20California%20native%20plant,https://calscape.org/plant/Urtica-dioica
Catalina Cherry,Prunus ilicifolia ssp. lyonii,Large glossy holly-like leaves; white flower clusters in spring; large dark red to black cherry fruits,Catalina_Cherry.jpg,Native,Shrub,Caution,Fruit eaten (pit removed); wildlife food; street tree; ornamental,T1,,https://www.google.com/search?q=Catalina%20Cherry%20California%20native%20plant,https://calscape.org/plant/Prunus-ilicifolia
Coast Live Oak,Quercus agrifolia,Small spiny-margined evergreen leaves; acorns with thin scales; massive spreading crown; furrowed dark bark,Coast_Live_Oak.jpg,Native,Tree,Caution,Acorns leached & eaten; wildlife habitat; shade tree; wood for fuel,T1,,https://www.google.com/search?q=Coast%20Live%20Oak%20California%20native%20plant,https://calscape.org/plant/Quercus-agrifolia
Coyote Brush,Baccharis pilularis,Small sticky resinous leaves; fluffy white seed heads; dioecious shrub; pioneer species on disturbed slopes,Coyote_Brush.jpg,Native,Shrub,Not edible,Erosion control; pioneer revegetation; insect habitat; fire-resilient,T1,,https://www.google.com/search?q=Coyote%20Brush%20California%20native%20plant,https://calscape.org/plant/Baccharis-pilularis
Prickly Pear Cactus,Opuntia ficus-indica,Flat paddle-shaped pads with spines and glochids; yellow flowers; red-purple edible fruits (tunas),Prickly_Pear_Cactus.jpg,Native,Cactus,Edible,Pads (nopales) & fruit (tunas) eaten; medicinal; wildlife food,T1,,https://www.google.com/search?q=Prickly%20Pear%20Cactus%20California%20native%20plant,https://calscape.org/plant/Opuntia-ficus-indica
Coastal Prickly Pear,Opuntia littoralis,Flat oval pads; yellow to orange flowers; reddish fruits; coastal and inland chaparral,Coastal_Prickly_Pear.jpg,Native,Cactus,Edible,Pads & fruit edible; coastal sage scrub; wildlife food; erosion,"T1, T4",,https://www.google.com/search?q=Coastal%20Prickly%20Pear%20California%20native%20plant,https://calscape.org/plant/Opuntia-littoralis
Cholla (Teddy Bear),Cylindropuntia bigelovii,Dense golden spines covering cylindrical joints; joints detach easily; pale yellow-green flowers,Cholla.jpg,Native,Cactus,Edible,Buds edible (roasted); ornamental; hummingbird & cactus wren habitat,T1,Jumping Cholla,https://www.google.com/search?q=Cholla%20%28Teddy%20Bear%29%20California%20native%20plant,https://calscape.org/plant/Cylindropuntia-bigelovii
California Coffeeberry,Frangula californica,Oblong shiny leaves with prominent veins; small greenish flowers; berries ripening green to red to black,California_Coffeeberry.jpg,Native,Shrub,Poisonous,Medicinal laxative bark; wildlife food; hedging; native garden,"T1, T2",,https://www.google.com/search?q=California%20Coffeeberry%20California%20native%20plant,https://calscape.org/plant/Frangula-californica
Golden Currant,Ribes aureum,Lobed maple-like leaves; fragrant golden-yellow tubular flowers; black or yellow berries,Golden_Currant.jpg,Native,Shrub,Edible,Berries edible; jam; wildlife food; ornamental; aromatic flowers,T1,,https://www.google.com/search?q=Golden%20Currant%20California%20native%20plant,https://calscape.org/plant/Ribes-aureum
Mulefat,Baccharis salicifolia,Long narrow willow-like leaves; white fluffy flower heads; grows along stream banks and washes,Mulefat.jpg,Native,Shrub,Not edible,Riparian habitat; stream bank stabilizer; butterfly & bee forage; wildlife cover; fast-growing pioneer,T1,,https://www.google.com/search?q=Mulefat%20California%20native%20plant,https://calscape.org/plant/Baccharis-salicifolia
Blue Elderberry,Sambucus nigra ssp. caerulea,Pinnate leaves with 5-9 leaflets; large flat-topped white flower clusters; blue-black berries with white bloom,Blue_Elderberry.jpg,Native,Shrub,Caution,Berries for jam/wine (cooked); medicinal; wildlife food; flute-making,T1,,https://www.google.com/search?q=Blue%20Elderberry%20California%20native%20plant,https://calscape.org/plant/Sambucus-nigra
California Buckwheat,Eriogonum fasciculatum,Small narrow gray-green leaves in clusters; white to pink flat-topped flower clusters; rusty seed heads,California_Buckwheat.jpg,Native,Shrub,Edible,Pollinator magnet; seeds & flowers edible; medicinal; erosion control,T1,,https://www.google.com/search?q=California%20Buckwheat%20California%20native%20plant,https://calscape.org/plant/Eriogonum-fasciculatum
Black Mustard,Brassica nigra,Lobed basal leaves; bright yellow 4-petaled flowers; slender seed pods; tall erect annual to 6ft+,Black_Mustard.jpg,Non-native,Herb,Edible,Edible seeds & greens; invasive weed; fire hazard; bee forage,Everywhere,,https://www.google.com/search?q=Black%20Mustard%20California%20native%20plant,https://calscape.org/loc-california/cat-all/ord-popular/q-Brassica%20nigra/poplevel-0
Miners Lettuce,Claytonia perfoliata,Round leaves perforating the stem; small white flowers emerge through center of leaf; succulent annual,Miners_Lettuce.jpg,Native,Herb,Edible,Excellent edible salad green; anti-scurvy; moist garden groundcover,Everywhere,,https://www.google.com/search?q=Miners%20Lettuce%20California%20native%20plant,https://calscape.org/plant/Claytonia-perfoliata
Desert Dandelion,Malacothrix glabrata,Pinnately lobed basal leaves; pale yellow ray flowers; milky sap; desert spring annual,Desert_Dandelion.jpg,Native,Herb,Edible,Edible leaves; desert wildflower display; bee forage,Everywhere,,https://www.google.com/search?q=Desert%20Dandelion%20California%20native%20plant,https://calscape.org/plant/Malacothrix-glabrata
Common Dandelion,Taraxacum officinale,Deeply toothed basal leaves; solitary yellow flower heads; hollow stems with milky sap; fluffy seed balls,Common_Dandelion.jpg,Non-native,Herb,Edible,All parts edible; medicinal; bee forage; wine; coffee substitute,Everywhere,,https://www.google.com/search?q=Common%20Dandelion%20California%20native%20plant,https://calscape.org/loc-california/cat-all/ord-popular/q-Taraxacum%20officinale/poplevel-0
Common Sowthistle,Sonchus oleraceus,Lobed clasping leaves with rounded auricles; yellow flowers; milky sap; hollow stems,Common_Sowthistle.jpg,Non-native,Herb,Edible,Edible young greens; wildlife food; bee forage; common weed,T2,,https://www.google.com/search?q=Common%20Sowthistle%20California%20native%20plant,https://calscape.org/loc-california/cat-all/ord-popular/q-Sonchus%20oleraceus/poplevel-0
Common Elderberry,Sambucus mexicana,Pinnate leaves; flat-topped white flower clusters; red to black berries; shrub to small tree,Common_Elderberry.jpg,Non-native,Shrub,Caution,Berries edible cooked; medicinal; wildlife food; ornamental,T2,,https://www.google.com/search?q=Common%20Elderberry%20California%20native%20plant,https://calscape.org/loc-california/cat-all/ord-popular/q-Sambucus%20mexicana/poplevel-0
Desert Sunflower,Geraea canescens,Hairy gray-green oval leaves; large bright yellow ray flowers with yellow disk; desert spring annual,Desert_Sunflower.jpg,Native,Herb,Edible,Seeds edible; brilliant spring display; bee forage; desert annual,T2,,https://www.google.com/search?q=Desert%20Sunflower%20California%20native%20plant,https://calscape.org/plant/Geraea-canescens
Sticky Monkeyflower,Diplacus aurantiacus,Narrow sticky leaves with rolled margins; orange tubular 2-lipped flowers; common on dry slopes,Sticky_Monkeyflower.jpg,Native,Shrub,Not edible,Hummingbird plant; ornamental; pollinator habitat; slope stabilizer,T2,,https://www.google.com/search?q=Sticky%20Monkeyflower%20California%20native%20plant,https://calscape.org/plant/Diplacus-aurantiacus
Mediterranean Sage,Salvia aethiopis,Woolly white leaves in large rosette; white flowers on branching stems; biennial; non-native,Mediterranean_Sage.jpg,Non-native,Shrub,Not edible,Invasive shrub; fire hazard; displaces native sage scrub,T2,,https://www.google.com/search?q=Mediterranean%20Sage%20California%20native%20plant,https://calscape.org/loc-california/cat-all/ord-popular/q-Salvia%20aethiopis/poplevel-0
California Buckwheat (Flat-top),Eriogonum fasciculatum var. foliolosum,Flat-topped white to pink flower clusters; small narrow leaves; rusty seed heads persist through fall,California_Buckwheat.jpg,Native,Shrub,Edible,Seeds & flowers edible; top pollinator plant; erosion control,T2,,https://www.google.com/search?q=California%20Buckwheat%20%28Flat-top%29%20California%20native%20plant,https://calscape.org/plant/Eriogonum-fasciculatum
Sun Cup,Camissoniopsis bistorta,Small oval leaves; bright yellow 4-petaled flowers; low spreading annual on sandy soils,Sun_Cup.jpg,Native,Herb,Edible,Young leaves & roots edible; low-growing spring wildflower; yellow evening-primrose-like flowers; grassland & open woodland ground cover,Everywhere,,https://www.google.com/search?q=Sun%20Cup%20California%20native%20plant,https://calscape.org/plant/Camissoniopsis-bistorta
California Sunflower,Helianthus californicus,Rough lance-shaped leaves; yellow ray and disk flowers; perennial from rhizomes along streams,California_Sunflower.jpg,Native,Herb,Edible,Seeds edible; wildlife food; riparian garden; pollinator,T2,,https://www.google.com/search?q=California%20Sunflower%20California%20native%20plant,https://calscape.org/plant/Helianthus-californicus
Chaparral Nightshade,Solanum xanti,Oval to lance leaves; purple star-shaped flowers with yellow stamens; small green to black berries,Chaparral_Nightshade.jpg,Native,Shrub,Poisonous,Wildlife food (birds tolerate); berries toxic to humans; chaparral,T2,Purple Nightshade,https://www.google.com/search?q=Chaparral%20Nightshade%20California%20native%20plant,https://calscape.org/plant/Solanum-xanti
California Wild Rose,Rosa californica,Pinnate leaves; pink 5-petaled flowers; red rose hips in fall; stems with hooked thorns,California_Wild_Rose.jpg,Native,Shrub,Edible,Rose hips for tea/jam (Vit C); medicinal; wildlife food; hedging,T3,,https://www.google.com/search?q=California%20Wild%20Rose%20California%20native%20plant,https://calscape.org/plant/Rosa-californica
Fuchsia-flowered Gooseberry,Ribes speciosum,Small 3-lobed leaves; pendulous red fuchsia-like flowers; spiny stems and fruits; hummingbird plant,Fuchsia_flowered_Gooseberry.jpg,Native,Shrub,Caution,Berries edible; hummingbird plant; ornamental; wildlife food,T3,,https://www.google.com/search?q=Fuchsia-flowered%20Gooseberry%20California%20native%20plant,https://calscape.org/plant/Ribes-speciosum
Laurel Sumac,Malosma laurina,Large lance-shaped leaves folded along midrib; white flower clusters; small white berries; aromatic,Laurel_Sumac.jpg,Native,Shrub,Not edible,Wildlife habitat; erosion control; frost-line indicator; windbreak,Parking Lot,,https://www.google.com/search?q=Laurel%20Sumac%20California%20native%20plant,https://calscape.org/plant/Malosma-laurina
Matilija Poppy,Romneya coulteri,Blue-gray lobed leaves; huge white crepe-paper flowers with yellow centers to 9 inches across,Matilija_Poppy.jpg,Native,Herb,Not edible,Ornamental (largest flower of any California native); erosion control on slopes; medicinal resin; drought-tolerant garden specimen,Parking Lot,,https://www.google.com/search?q=Matilija%20Poppy%20California%20native%20plant,https://calscape.org/plant/Romneya-coulteri
Western Sycamore,Platanus racemosa,Large maple-like leaves; mottled white-gray peeling bark; spherical seed balls; riparian tree,Western_Sycamore.jpg,Native,Tree,Not edible,Shade tree; riparian habitat; nesting sites; wood for crafts,Parking Lot,,https://www.google.com/search?q=Western%20Sycamore%20California%20native%20plant,https://calscape.org/plant/Platanus-racemosa
Chinese Holly (Horned Holly),Ilex cornuta,Rectangular spiny leaves; red berries; non-native ornamental,Chinese_Holly.jpg,Non-native,Shrub,Poisonous,Ornamental hedge; berries toxic if ingested; spiny leaves deter intruders; winter berry display; widely used in landscaping,In front of the restroom,,https://www.google.com/search?q=Chinese%20Holly%20%28Horned%20Holly%29%20California%20native%20plant,https://calscape.org/loc-california/cat-all/ord-popular/q-Ilex%20cornuta/poplevel-0
Black Sage,Salvia mellifera,Wrinkled dark green aromatic leaves; whorls of white to pale blue flowers on long wands; common chaparral,Black_Sage.jpg,Native,Shrub,Edible,Culinary herb; medicinal tea; honey plant; seed food; pollinator garden,Native Garden,,https://www.google.com/search?q=Black%20Sage%20California%20native%20plant,https://calscape.org/plant/Salvia-mellifera
Purple Sage,Salvia leucophylla,Gray-green woolly aromatic leaves; whorled pink-purple flowers on long wands; coastal sage scrub,Purple_Sage.jpg,Native,Shrub,Edible,Culinary & medicinal herb; seeds eaten; pollinator plant; ornamental,Native Garden,,https://www.google.com/search?q=Purple%20Sage%20California%20native%20plant,https://calscape.org/plant/Salvia-leucophylla
Bladderpod,Peritoma arborea,Compound 3-leaflet leaves; yellow 4-petaled flowers; inflated papery seed pods; pungent smell,Bladderpod.jpg,Native,Shrub,Not edible,Ornamental pods; desert garden; pollinator plant,Native Garden,,https://www.google.com/search?q=Bladderpod%20California%20native%20plant,https://calscape.org/plant/Peritoma-arborea
California Sagebrush,Artemisia californica,Finely divided silvery-gray threadlike leaves; small yellow flowers; strong sage aroma; coastal scrub,California_Sagebrush.jpg,Native,Shrub,Caution,Medicinal poultice; ceremonial; erosion control; sage scrub habitat,Native Garden,cowboy cologne,https://www.google.com/search?q=California%20Sagebrush%20California%20native%20plant,https://calscape.org/plant/Artemisia-californica
Ceanothus 'Dark Star' (California Lilac),Ceanothus 'Dark Star',Small dark green leaves; dense clusters of deep cobalt-blue flowers; garden hybrid; fragrant,California_Lilac.jpg,Native,Shrub,Edible,Flowers used for tea; nitrogen fixer; outstanding pollinator shrub; ornamental deep-blue flowers; butterfly & bee magnet,Native Garden,,https://www.google.com/search?q=Ceanothus%20%27Dark%20Star%27%20%28California%20Lilac%29%20California%20native%20plant,https://calscape.org/plant/Ceanothus
Western Columbine,Aquilegia formosa,Compound lobed leaves; nodding red-orange and yellow spurred flowers; hummingbird pollinated,Western_Columbine.jpg,Native,Herb,Caution,Hummingbird plant; ornamental shade garden; seeds toxic — handle with care; medicinal by Indigenous peoples; moist slope garden,Native Garden,Scarlet Columbine,https://www.google.com/search?q=Western%20Columbine%20California%20native%20plant,https://calscape.org/plant/Aquilegia-formosa
Penstemon,Penstemon sp.,Opposite leaves; tubular 2-lipped flowers; 5 stamens (1 sterile bearded); many species in varied colors,Penstemon.jpg,Native,Herb,Not edible,Hummingbird & bee plant; wide variety of ornamental species; drought-tolerant garden; dry slope erosion control; pollinator corridor,Native Garden,,https://www.google.com/search?q=Penstemon%20California%20native%20plant,https://calscape.org/plant/Penstemon
Western Redbud,Cercis occidentalis,Heart-shaped leaves; magenta-pink pea flowers before leaves emerge; flat seed pods; fall yellow color,Western_Redbud.jpg,Native,Tree,Edible,Flowers & young pods edible; basket weaving material; ornamental spring bloomer; pollinator tree; fall color; drought-tolerant,Native Garden,,https://www.google.com/search?q=Western%20Redbud%20California%20native%20plant,https://calscape.org/plant/Cercis-occidentalis
Coastal Sunflower,Encelia californica,Gray-green oval leaves; yellow daisy flowers with dark centers; coastal sage scrub; drought deciduous,Coastal_Sunflower.jpg,Native,Herb,Edible,Seeds edible; long-blooming ornamental; coastal & inland garden; excellent pollinator plant; wildlife food; slope stabilizer,Native Garden,,https://www.google.com/search?q=Coastal%20Sunflower%20California%20native%20plant,https://calscape.org/plant/Encelia-californica
Coral Canyon California Fuchsia,Epilobium canum 'Coral Canyon',Small gray-green leaves; tubular coral-red flowers; garden selection; hummingbird magnet,Coral_Canyon_California_Fuchsia.jpg,Native,Shrub,Not edible,Hummingbird magnet; vivid coral-red tubular flowers; drought-tolerant ornamental; late summer–fall bloomer; dry rocky slopes,Native Garden,,https://www.google.com/search?q=Coral%20Canyon%20California%20Fuchsia%20California%20native%20plant,https://calscape.org/plant/Epilobium-canum
Western Mahogany,Cercocarpus betuloides,Small oval toothed leaves; small flowers; fruit with long feathery twisted tail; chaparral shrub,Western_Mahogany.jpg,Native,Shrub,Not edible,Extremely hard dense wood used for tools & crafts; deer browse; slope stabilizer; chaparral structure; feathery seed tails ornamental,Native Garden,,https://www.google.com/search?q=Western%20Mahogany%20California%20native%20plant,https://calscape.org/plant/Cercocarpus-betuloides
Sugar Bush,Rhus ovata,Thick waxy oval leaves folded along midrib; clusters of pink-white flowers; sticky red berries,Sugar_Bush.jpg,Native,Shrub,Edible,Berries eaten; medicinal; wildlife food; drought-tolerant ornamental,?,,https://www.google.com/search?q=Sugar%20Bush%20California%20native%20plant,https://calscape.org/plant/Rhus-ovata
California Poppy,Eschscholzia californica,Finely divided blue-green leaves; orange-yellow 4-petaled flowers; closes at night; state flower,California_Poppy.jpg,Native,Herb,Caution,Medicinal sedative; dried flowers used in teas; ornamental; state flower,?,,https://www.google.com/search?q=California%20Poppy%20California%20native%20plant,https://calscape.org/plant/Eschscholzia-californica
Poison Oak,Toxicodendron diversilobum,"Shiny 3-lobed leaflets (leaves of 3, let it be!); white berries; causes severe contact dermatitis",Poison_Oak.jpg,Native,Shrub,Poisonous,Critical wildlife food (berries); bird habitat; do not touch,?,,https://www.google.com/search?q=Poison%20Oak%20California%20native%20plant,https://calscape.org/plant/Toxicodendron-diversilobum
Fremont Cottonwood,Populus fremontii,Triangular to heart-shaped leaves; cottonwood fluff; yellow fall color; riparian corridors,Fremont_Cottonwood.jpg,Native,Tree,Edible,Inner bark edible; riparian habitat; nesting; windbreak; fast shade,?,,https://www.google.com/search?q=Fremont%20Cottonwood%20California%20native%20plant,https://calscape.org/plant/Populus-fremontii
Wild Radish,Raphanus raphanistrum,Pinnately lobed hairy leaves; white to pale yellow or pink 4-petaled flowers; inflated pods; non-native weed,Wild_Radish.jpg,Non-native,Herb,Edible,"Edible roots, leaves & seeds; common weed; bee forage",?,,https://www.google.com/search?q=Wild%20Radish%20California%20native%20plant,https://calscape.org/loc-california/cat-all/ord-popular/q-Raphanus%20raphanistrum/poplevel-0
Bermuda Buttercup,Oxalis pes-caprae,3-heart-shaped leaflets often with dark spots; bright yellow flowers; bulbous invasive from Africa,Bermuda_Buttercup.jpg,Non-native,Herb,Caution,Edible (high oxalates); ornamental bulb; invasive; tart flavor,?,,https://www.google.com/search?q=Bermuda%20Buttercup%20California%20native%20plant,https://calscape.org/loc-california/cat-all/ord-popular/q-Oxalis%20pes-caprae/poplevel-0
Golden Yarrow,Eriophyllum confertiflorum,Woolly white leaves; bright yellow daisy flowers; low mounding shrub; dry rocky slopes,Golden_Yarrow.jpg,Native,Herb,Edible,Medicinal; dried arrangement; pollinator; coastal bluff garden,?,,https://www.google.com/search?q=Golden%20Yarrow%20California%20native%20plant,https://calscape.org/plant/Eriophyllum-confertiflorum
Showy Milkweed,Asclepias speciosa,Large oval woolly leaves; pink-purple star-shaped flower clusters; large inflated seed pods,Showy_Milkweed.jpg,Native,Herb,Poisonous,Monarch butterfly host; fiber; wildlife; restoration planting,?,,https://www.google.com/search?q=Showy%20Milkweed%20California%20native%20plant,https://calscape.org/plant/Asclepias-speciosa
California Barberry,Berberis pinnata,Spiny holly-like pinnate leaves; clusters of yellow flowers; blue-black berries; yellow inner wood,California_Barberry.jpg,Native,Shrub,Caution,Yellow dye from roots; berries for jam; medicinal; hedging,?,,https://www.google.com/search?q=California%20Barberry%20California%20native%20plant,https://calscape.org/plant/Berberis-pinnata
Desert Willow,Chilopsis linearis,Long narrow willow-like leaves; showy pink-purple tubular orchid-like flowers; long bean-like pods,Desert_Willow.jpg,Native,Tree,Edible,Flowers edible; ornamental; hummingbird plant; desert riparian,?,,https://www.google.com/search?q=Desert%20Willow%20California%20native%20plant,https://calscape.org/plant/Chilopsis-linearis
California Buttercup,Ranunculus californicus,Lobed palmate leaves; shiny yellow flowers with 9-17 petals; meadows and grasslands,California_Buttercup.jpg,Native,Herb,Poisonous,Ornamental; pollinator; moist meadow restoration; toxic sap,?,,https://www.google.com/search?q=California%20Buttercup%20California%20native%20plant,https://calscape.org/plant/Ranunculus-californicus
Prickly Sowthistle,Sonchus asper,Spiny-toothed clasping leaves; yellow flowers; milky sap; non-native weed,Prickly_Sowthistle.jpg,Non-native,Herb,Edible,Edible young greens; wildlife food; bee forage; urban weed,?,,https://www.google.com/search?q=Prickly%20Sowthistle%20California%20native%20plant,https://calscape.org/loc-california/cat-all/ord-popular/q-Sonchus%20asper/poplevel-0
Prickly Lettuce,Lactuca serriola,Prickly leaves that orient vertically N-S (compass plant); yellow flowers; milky sap; non-native,Prickly_Lettuce.jpg,Non-native,Herb,Caution,Edible young leaves (bitter); ancestor of garden lettuce; medicinal,?,,https://www.google.com/search?q=Prickly%20Lettuce%20California%20native%20plant,https://calscape.org/loc-california/cat-all/ord-popular/q-Lactuca%20serriola/poplevel-0
Prickly Poppy,Argemone munita,Blue-gray spiny lobed leaves; white 6-petaled flowers with yellow center; prickly stems and pods,Prickly_Poppy.jpg,Native,Herb,Poisonous,Medicinal yellow sap (historic); ornamental; toxic if ingested,?,,https://www.google.com/search?q=Prickly%20Poppy%20California%20native%20plant,https://calscape.org/plant/Argemone-munita
Bladder Sage,Salazaria mexicana,Small opposite leaves; purple and white flowers; inflated papery bladder-like calyces; desert shrub,Bladder_Sage.jpg,Native,Shrub,Not edible,Ornamental inflated seed pods; desert garden; dry wash,,,https://www.google.com/search?q=Bladder%20Sage%20California%20native%20plant,https://calscape.org/plant/Salazaria-mexicana
California Hedge Nettle,Stachys bullata,Square stems; crinkled oval leaves; pink-purple tubular flowers in whorls; mint family; stream banks,California_Hedge_Nettle.jpg,Native,Herb,Edible,Medicinal tea; hummingbird plant; moist coastal garden; no sting,?,,https://www.google.com/search?q=California%20Hedge%20Nettle%20California%20native%20plant,https://calscape.org/plant/Stachys-bullata
Toyon,Heteromeles arbutifolia,Serrated leathery leaves; flat-topped white flower clusters; bright red berries in winter; Christmas berry,Toyon.jpg,Native,Shrub,Caution,Berries cooked into preserves; wildlife food; erosion control; ornamental,,,https://www.google.com/search?q=Toyon%20California%20native%20plant,https://calscape.org/plant/Heteromeles-arbutifolia
Chamise,Adenostoma fasciculatum,Tiny needle-like leaves in bundles; small white flowers in dense clusters; dominant chaparral shrub,Chamise.jpg,Native,Shrub,Not edible,Fire-adapted habitat; erosion control; chaparral community anchor,,,https://www.google.com/search?q=Chamise%20California%20native%20plant,https://calscape.org/plant/Adenostoma-fasciculatum
Common Manzanita,Arctostaphylos manzanita,Smooth red-mahogany bark; oval gray-green leaves; white urn-shaped flowers; red apple-like berries,Common_Manzanita.jpg,Native,Shrub,Edible,Berries eaten raw or as cider; medicinal; wildlife food; ornamental,,,https://www.google.com/search?q=Common%20Manzanita%20California%20native%20plant,https://calscape.org/plant/Arctostaphylos-manzanita
Lemonade Berry,Rhus integrifolia,Thick waxy oval leaves; white to pink flower clusters; sticky red berries (lemonade-flavored); coastal,Lemonade_Berry.jpg,Native,Shrub,Edible,Berries soaked for tart drink; wildlife food; erosion control; hedge,,,https://www.google.com/search?q=Lemonade%20Berry%20California%20native%20plant,https://calscape.org/plant/Rhus-integrifolia
Flannel Bush,Fremontodendron californicum,Lobed leaves with woolly undersides; large bright yellow flowers; irritating hairs; chaparral,Flannel_Bush.jpg,Native,Shrub,Poisonous,Ornamental; hummingbird plant; slope stabilization; showy garden shrub,,,https://www.google.com/search?q=Flannel%20Bush%20California%20native%20plant,https://calscape.org/plant/Fremontodendron-californicum
Deerweed,Acmispon glaber,Small compound 3-5 leaflets; yellow pea flowers aging red; nitrogen-fixer; coastal sage and chaparral,Deerweed.jpg,Native,Shrub,Not edible,Nitrogen fixer; post-fire revegetation; butterfly host; erosion control,,,https://www.google.com/search?q=Deerweed%20California%20native%20plant,https://calscape.org/plant/Acmispon-glaber
Woolly Blue Curls,Trichostema lanatum,Narrow aromatic leaves; brilliant blue tubular flowers with woolly purple stamens; dry rocky slopes,Woolly_Blue_Curls.jpg,Native,Shrub,Edible,Medicinal; pollinator plant; ornamental; aromatic; bee forage,,,https://www.google.com/search?q=Woolly%20Blue%20Curls%20California%20native%20plant,https://calscape.org/plant/Trichostema-lanatum
Bush Lupine,Lupinus albifrons,Silvery palmate compound leaves; blue-purple pea flowers in upright racemes; silky seed pods,Bush_Lupine.jpg,Native,Shrub,Poisonous,Nitrogen fixer; coastal stabilizer; wildlife habitat; ornamental,,,https://www.google.com/search?q=Bush%20Lupine%20California%20native%20plant,https://calscape.org/plant/Lupinus-albifrons
Hollyleaf Redberry,Rhamnus ilicifolia,Spiny-toothed holly-like leaves; small flowers; red then black berries; chaparral and woodland,Hollyleaf_Redberry.jpg,Native,Shrub,Poisonous,Wildlife food; thicket habitat; deer browse; chaparral structure,,,https://www.google.com/search?q=Hollyleaf%20Redberry%20California%20native%20plant,https://calscape.org/plant/Rhamnus-ilicifolia
Chaparral Clematis,Clematis lasiantha,Compound 3 leaflets; white 4-petaled flowers; feathery plume-like seed heads; climbing vine,Chaparral_Clematis.jpg,Native,Vine,Poisonous,Wildlife cover; climbing habitat structure; seed plumes decorative,,,https://www.google.com/search?q=Chaparral%20Clematis%20California%20native%20plant,https://calscape.org/plant/Clematis-lasiantha
Wild Cucumber,Marah macrocarpa,Large palmate leaves; white star flowers; spiny green gourd-like fruits; dies back in summer,Wild_Cucumber.jpg,Native,Vine,Poisonous,Wildlife cover; spring ephemeral interest; Indigenous soap use,,,https://www.google.com/search?q=Wild%20Cucumber%20California%20native%20plant,https://calscape.org/plant/Marah-macrocarpa
Blue Blossom Ceanothus,Ceanothus thyrsiflorus,Shiny 3-veined leaves; clusters of sky-blue flowers; nitrogen-fixer; coastal shrub to small tree,Blue_Blossom_Ceanothus.jpg,Native,Shrub,Edible,Flowers for tea; nitrogen fixer; ornamental; butterfly host plant,,,https://www.google.com/search?q=Blue%20Blossom%20Ceanothus%20California%20native%20plant,https://calscape.org/plant/Ceanothus-thyrsiflorus
Bigberry Manzanita,Arctostaphylos glauca,Smooth red bark; gray-green oval leaves; white urn flowers; large berries; dry chaparral,Bigberry_Manzanita.jpg,Native,Shrub,Edible,Berries for cider & jelly; wildlife food; ornamental; chaparral anchor,,,https://www.google.com/search?q=Bigberry%20Manzanita%20California%20native%20plant,https://calscape.org/plant/Arctostaphylos-glauca
Chaparral Whitethorn,Ceanothus leucodermis,Gray-green leaves; thorny branches; white to pale blue flowers; chalk-white new bark,Chaparral_Whitethorn.jpg,Native,Shrub,Edible,Nitrogen fixer; wildlife habitat; flowers for tea; chaparral structure,,,https://www.google.com/search?q=Chaparral%20Whitethorn%20California%20native%20plant,https://calscape.org/plant/Ceanothus-leucodermis
Our Lord's Candle,Hesperoyucca whipplei,Dense rosette of stiff gray-blue spine-tipped leaves; spectacular tall white flower stalk; dies after flowering,Our_Lord_s_Candle.jpg,Native,Shrub,Edible,Stalks & flowers eaten; fiber for rope; yucca moth host; ornamental,,,https://www.google.com/search?q=Our%20Lord%27s%20Candle%20California%20native%20plant,https://calscape.org/plant/Hesperoyucca-whipplei
Mojave Yucca,Yucca schidigera,Stiff sharp-tipped leaves with fraying fiber edges; creamy white flower clusters; dry desert slopes,Mojave_Yucca.jpg,Native,Shrub,Edible,Fruit & flowers eaten; fiber for rope & baskets; soap from roots,,,https://www.google.com/search?q=Mojave%20Yucca%20California%20native%20plant,https://calscape.org/plant/Yucca-schidigera
Beavertail Cactus,Opuntia basilaris,Flat blue-gray pads without large spines; dense glochids; magenta-pink flowers; low-growing,Beavertail_Cactus.jpg,Native,Cactus,Edible,Pads & fruit edible; ornamental; hummingbird food; desert garden,,,https://www.google.com/search?q=Beavertail%20Cactus%20California%20native%20plant,https://calscape.org/plant/Opuntia-basilaris
Brittlebush,Encelia farinosa,Silvery-gray oval woolly leaves; bright yellow daisy flowers on long bare stalks; desert slopes,Brittlebush.jpg,Native,Shrub,Not edible,Resin used as incense; ornamental; erosion control; pollinator plant,,,https://www.google.com/search?q=Brittlebush%20California%20native%20plant,https://calscape.org/plant/Encelia-farinosa
Creosote Bush,Larrea tridentata,Tiny paired resinous leaves; yellow 5-petaled flowers; white fuzzy fruits; distinctive rain smell,Creosote_Bush.jpg,Native,Shrub,Caution,Medicinal anti-fungal; oldest living plant; desert ecosystem anchor,,,https://www.google.com/search?q=Creosote%20Bush%20California%20native%20plant,https://calscape.org/plant/Larrea-tridentata
Ocotillo,Fouquieria splendens,Spiny cane-like stems; small oval leaves after rain; bright red tubular flower clusters at stem tips,Ocotillo.jpg,Native,Shrub,Edible,Flowers eaten; fencing (live hedges); hummingbird plant; desert ornamental,,,https://www.google.com/search?q=Ocotillo%20California%20native%20plant,https://calscape.org/plant/Fouquieria-splendens
Desert Agave,Agave deserti,Rosette of gray-blue fleshy spine-tipped leaves; tall flower stalk with yellow flowers; monocarpic,Desert_Agave.jpg,Native,Cactus,Edible,Roasted hearts eaten; fiber; soap; cultural food; century plant,,,https://www.google.com/search?q=Desert%20Agave%20California%20native%20plant,https://calscape.org/plant/Agave-deserti
Chaparral Pea,Pickeringia montana,Spiny branches; small 3-lobed leaves; magenta-pink pea flowers; chaparral and dry slopes,Chaparral_Pea.jpg,Native,Shrub,Poisonous,Rare chaparral endemic; nitrogen fixer; wildlife thicket,,,https://www.google.com/search?q=Chaparral%20Pea%20California%20native%20plant,https://calscape.org/plant/Pickeringia-montana
Mountain Mahogany,Cercocarpus montanus,Toothed oval leaves; small flowers; fruit with feathery spiraling tail; dry mountain slopes,Mountain_Mahogany.jpg,Native,Shrub,Not edible,Extremely hard wood for tools; deer browse; slope stabilization,,,https://www.google.com/search?q=Mountain%20Mahogany%20California%20native%20plant,https://calscape.org/plant/Cercocarpus-montanus
Silk Tassel Bush,Garrya elliptica,Oval wavy-edged leathery leaves; pendulous gray-green catkins in winter; dioecious shrub,Silk_Tassel_Bush.jpg,Native,Shrub,Not edible,Ornamental catkins; wildlife shelter; medicinal bark; hedging,,,https://www.google.com/search?q=Silk%20Tassel%20Bush%20California%20native%20plant,https://calscape.org/plant/Garrya-elliptica
Hollyleaf Cherry,Prunus ilicifolia,Spiny-toothed glossy leaves; white flower clusters; dark red to black cherry fruits; chaparral,Hollyleaf_Cherry.jpg,Native,Shrub,Caution,Fruit eaten (pit removed); wildlife food; hedging; shade plant,,,https://www.google.com/search?q=Hollyleaf%20Cherry%20California%20native%20plant,https://calscape.org/plant/Prunus-ilicifolia
Scalebroom,Lepidospartum squamatum,Scale-like leaves on green broom-like stems; yellow flowers; sandy washes and desert edges,Scalebroom.jpg,Native,Shrub,Not edible,Desert wash stabilizer; flood channel revegetation,,,https://www.google.com/search?q=Scalebroom%20California%20native%20plant,https://calscape.org/plant/Lepidospartum-squamatum
Blue Dicks,Dipterostemon capitatus,Grass-like leaves; purple-blue flowers in tight rounded clusters on leafless stem; corm-forming,Blue_Dicks.jpg,Native,Herb,Edible,Corms eaten raw or cooked; important Indigenous staple food,,,https://www.google.com/search?q=Blue%20Dicks%20California%20native%20plant,https://calscape.org/plant/Dipterostemon-capitatus
Superb Mariposa Lily,Calochortus superbus,"Linear leaves; large bowl-shaped flowers with white, yellow, and lilac petals; grasslands and oak woodland",Superb_Mariposa_Lily.jpg,Native,Herb,Edible,Bulbs eaten; ornamental; pollinator; Indigenous food source,,,https://www.google.com/search?q=Superb%20Mariposa%20Lily%20California%20native%20plant,https://calscape.org/plant/Calochortus-superbus
Yellow Mariposa Lily,Calochortus luteus,Grass-like basal leaves; yellow bowl-shaped flowers with brown markings; spring annual from corm,Yellow_Mariposa_Lily.jpg,Native,Herb,Edible,Bulbs eaten; ornamental; pollinator; clay soil specialist,,,https://www.google.com/search?q=Yellow%20Mariposa%20Lily%20California%20native%20plant,https://calscape.org/plant/Calochortus-luteus
Ithuriel's Spear,Triteleia laxa,Narrow grass-like leaves; blue-violet star flowers in umbel on tall leafless stem; grasslands,Ithuriel_s_Spear.jpg,Native,Herb,Edible,Corms eaten; ornamental; pollinator; Indigenous food source,,,https://www.google.com/search?q=Ithuriel%27s%20Spear%20California%20native%20plant,https://calscape.org/plant/Triteleia-laxa
White Globe Lily,Calochortus albus,Linear leaves; nodding white lantern-like flowers; woodland and chaparral edges,White_Globe_Lily.jpg,Native,Herb,Edible,Bulbs edible; shade garden ornamental; pollinator,,,https://www.google.com/search?q=White%20Globe%20Lily%20California%20native%20plant,https://calscape.org/plant/Calochortus-albus
Shooting Star,Dodecatheon clevelandii,Oval to spatula leaves in rosette; pink reflexed petals swept back like rocket; vernal pools,Shooting_Star.jpg,Native,Herb,Not edible,Ornamental; pollinator (buzz pollination by bumblebees); moist garden,,,https://www.google.com/search?q=Shooting%20Star%20California%20native%20plant,https://calscape.org/plant/Dodecatheon-clevelandii
Indian Paintbrush,Castilleja sp.,Lance leaves; showy scarlet to orange bracts (not flowers); hemiparasitic on grass roots,Indian_Paintbrush.jpg,Native,Herb,Caution,Medicinal; hummingbird plant; ornamental; hemiparasitic indicator,,,https://www.google.com/search?q=Indian%20Paintbrush%20California%20native%20plant,https://calscape.org/plant/Castilleja
Tidy Tips,Layia platyglossa,Narrow toothed leaves; yellow ray flowers tipped with white; daisy-like; spring annual,Tidy_Tips.jpg,Native,Herb,Edible,Petals edible; wildflower garden; pollinator; companion planting,,,https://www.google.com/search?q=Tidy%20Tips%20California%20native%20plant,https://calscape.org/plant/Layia-platyglossa
Baby Blue Eyes,Nemophila menziesii,Lobed opposite leaves; sky-blue flowers with white center; low spreading spring annual,Baby_Blue_Eyes.jpg,Native,Herb,Not edible,Ornamental ground cover; pollinator; wildflower meadow,,,https://www.google.com/search?q=Baby%20Blue%20Eyes%20California%20native%20plant,https://calscape.org/plant/Nemophila-menziesii
Farewell to Spring,Clarkia bottae,Narrow alternate leaves; pink to lavender 4-petaled flowers; summer annual; grasslands,Farewell_to_Spring.jpg,Native,Herb,Edible,Petals edible; ornamental; cut flower; late-season wildflower,,,https://www.google.com/search?q=Farewell%20to%20Spring%20California%20native%20plant,https://calscape.org/plant/Clarkia-bottae
Globe Gilia,Gilia capitata,Finely divided leaves; powder-puff blue flower heads; spring annual; open hillsides,Globe_Gilia.jpg,Native,Herb,Not edible,Pollinator magnet; wildflower garden; native seed mixes,,,https://www.google.com/search?q=Globe%20Gilia%20California%20native%20plant,https://calscape.org/plant/Gilia-capitata
Chia,Salvia columbariae,Deeply divided aromatic basal leaves; blue flowers in whorled clusters; edible seeds,Chia.jpg,Native,Herb,Edible,Seeds highly nutritious (omega-3); Indigenous staple food; medicinal,,,https://www.google.com/search?q=Chia%20California%20native%20plant,https://calscape.org/plant/Salvia-columbariae
California Milkmaids,Cardamine californica,Pinnate or simple leaves; white to pink 4-petaled flowers; early spring woodland bloomer,California_Milkmaids.jpg,Native,Herb,Edible,Peppery edible leaves; early-season pollinator; woodland garden,,,https://www.google.com/search?q=California%20Milkmaids%20California%20native%20plant,https://calscape.org/plant/Cardamine-californica
Miniature Lupine,Lupinus bicolor,Palmate compound leaves; tiny blue and white pea flowers; small annual; grasslands,Miniature_Lupine.jpg,Native,Herb,Poisonous,Nitrogen fixer; wildflower display; butterfly host; seed toxic,,,https://www.google.com/search?q=Miniature%20Lupine%20California%20native%20plant,https://calscape.org/plant/Lupinus-bicolor
Sky Lupine,Lupinus nanus,Palmate compound leaves; blue-violet pea flowers with white spot; annual; meadows and roadsides,Sky_Lupine.jpg,Native,Herb,Poisonous,Nitrogen fixer; wildflower display; butterfly larval host,,,https://www.google.com/search?q=Sky%20Lupine%20California%20native%20plant,https://calscape.org/plant/Lupinus-nanus
Red Maids,Calandrinia menziesii,Succulent narrow leaves; magenta-red flowers; low spreading annual; disturbed areas,Red_Maids.jpg,Native,Herb,Edible,Seeds important Indigenous grain; edible leaves; grassland annual,,,https://www.google.com/search?q=Red%20Maids%20California%20native%20plant,https://calscape.org/plant/Calandrinia-menziesii
Blue-eyed Grass,Sisyrinchium bellum,Flat grass-like leaves; small blue-violet iris flowers with yellow center; moist grasslands,Blue_eyed_Grass.jpg,Native,Herb,Not edible,Ornamental; pollinator; coastal prairie restoration; iris relative,,,https://www.google.com/search?q=Blue-eyed%20Grass%20California%20native%20plant,https://calscape.org/plant/Sisyrinchium-bellum
Chinese Houses,Collinsia heterophylla,Opposite leaves; whorled pink-purple and white 2-lipped flowers in tiers; shaded slopes,Chinese_Houses.jpg,Native,Herb,Not edible,Ornamental; pollinator; woodland garden; shade tolerant,,,https://www.google.com/search?q=Chinese%20Houses%20California%20native%20plant,https://calscape.org/plant/Collinsia-heterophylla
Douglas Iris,Iris douglasiana,Evergreen strap-like leaves; lavender to purple iris flowers; variable coastal form,Douglas_Iris.jpg,Native,Herb,Poisonous,Ornamental; fiber from leaves; hummingbird plant; coastal prairie,,,https://www.google.com/search?q=Douglas%20Iris%20California%20native%20plant,https://calscape.org/plant/Iris-douglasiana
Checker Bloom,Sidalcea malviflora,Round lobed basal leaves; pink to purple hollyhock-like flowers; grasslands and coastal scrub,Checker_Bloom.jpg,Native,Herb,Edible,Edible leaves; ornamental; pollinator; coastal prairie restoration,,,https://www.google.com/search?q=Checker%20Bloom%20California%20native%20plant,https://calscape.org/plant/Sidalcea-malviflora
Scarlet Bugler Penstemon,Penstemon centranthifolius,Gray-green clasping leaves; long narrow scarlet tubular flowers; hummingbird plant; dry slopes,Scarlet_Bugler_Penstemon.jpg,Native,Herb,Not edible,Hummingbird specialist; ornamental; dry slope garden,,,https://www.google.com/search?q=Scarlet%20Bugler%20Penstemon%20California%20native%20plant,https://calscape.org/plant/Penstemon-centranthifolius
Foothill Penstemon,Penstemon heterophyllus,Narrow lance leaves; blue to purple tubular flowers; variable; chaparral and woodland edges,Foothill_Penstemon.jpg,Native,Herb,Not edible,Ornamental; pollinator; dry slope & chaparral garden,,,https://www.google.com/search?q=Foothill%20Penstemon%20California%20native%20plant,https://calscape.org/plant/Penstemon-heterophyllus
California Goldfields,Lasthenia californica,Narrow opposite leaves; bright yellow daisy flowers carpeting vernal pools and grasslands,California_Goldfields.jpg,Native,Herb,Not edible,Mass wildflower display; vernal pool indicator; bee forage,,,https://www.google.com/search?q=California%20Goldfields%20California%20native%20plant,https://calscape.org/plant/Lasthenia-californica
Wind Poppy,Papaver heterophyllum,Lobed grayish leaves; orange-red flowers with purple spot at base; spring annual; grasslands,Wind_Poppy.jpg,Native,Herb,Not edible,Rare ornamental; chaparral wildflower; spring display,,,https://www.google.com/search?q=Wind%20Poppy%20California%20native%20plant,https://calscape.org/plant/Papaver-heterophyllum
Blazing Star,Mentzelia involucrata,Rough sticky leaves; large white to cream flowers; desert annual; sandy soils,Blazing_Star.jpg,Native,Herb,Edible,Seeds edible; ornamental nocturnal bloomer; moth-pollinated,,,https://www.google.com/search?q=Blazing%20Star%20California%20native%20plant,https://calscape.org/plant/Mentzelia-involucrata
Woolly Sunflower,Eriophyllum lanatum,Deeply lobed woolly leaves; bright yellow daisy flowers; variable; open slopes and roadsides,Woolly_Sunflower.jpg,Native,Shrub,Not edible,Ornamental silver foliage; pollinator; dry slope erosion control,,,https://www.google.com/search?q=Woolly%20Sunflower%20California%20native%20plant,https://calscape.org/plant/Eriophyllum-lanatum
Tarweed,Madia elegans,Sticky glandular leaves and stems with strong tar smell; yellow flowers; summer annual,Tarweed.jpg,Native,Herb,Edible,Seeds edible (oily); late-season pollinator; summer grassland,,,https://www.google.com/search?q=Tarweed%20California%20native%20plant,https://calscape.org/plant/Madia-elegans
Mule Ears,Wyethia angustifolia,Long narrow leaves (like mule ears); large yellow sunflower-like flowers; grasslands,Mule_Ears.jpg,Native,Herb,Edible,Seeds edible; wildlife food; grassland ornamental; spreading perennial,,,https://www.google.com/search?q=Mule%20Ears%20California%20native%20plant,https://calscape.org/plant/Wyethia-angustifolia
Gumweed,Grindelia stricta,Sticky serrated leaves; yellow daisy flowers with resinous sticky bracts; coastal bluffs,Gumweed.jpg,Native,Herb,Caution,Medicinal (expectorant); coastal bluff garden; pollinator,,,https://www.google.com/search?q=Gumweed%20California%20native%20plant,https://calscape.org/plant/Grindelia-stricta
Seaside Daisy,Erigeron glaucus,Spatula leaves; lavender to purple daisy flowers with yellow centers; coastal bluffs and beaches,Seaside_Daisy.jpg,Native,Herb,Not edible,Ornamental ground cover; coastal garden; erosion control,,,https://www.google.com/search?q=Seaside%20Daisy%20California%20native%20plant,https://calscape.org/plant/Erigeron-glaucus
Desert Chicory,Rafinesquia neomexicana,Pinnately lobed leaves; white dandelion-like flowers; milky sap; desert annual,Desert_Chicory.jpg,Native,Herb,Edible,Edible leaves; desert wildflower; early bee forage,,,https://www.google.com/search?q=Desert%20Chicory%20California%20native%20plant,https://calscape.org/plant/Rafinesquia-neomexicana
Apricot Mallow,Sphaeralcea ambigua,Grayish lobed leaves; apricot-orange hollyhock-like flowers; desert shrub,Apricot_Mallow.jpg,Native,Herb,Edible,Young leaves edible; desert ornamental; drought garden,,,https://www.google.com/search?q=Apricot%20Mallow%20California%20native%20plant,https://calscape.org/plant/Sphaeralcea-ambigua
Desert Marigold,Baileya multiradiata,Woolly gray leaves; bright yellow daisy flowers with many ray florets; desert perennial,Desert_Marigold.jpg,Native,Herb,Poisonous,Ornamental; long-blooming desert display; toxic to livestock,,,https://www.google.com/search?q=Desert%20Marigold%20California%20native%20plant,https://calscape.org/plant/Baileya-multiradiata
Evening Primrose,Oenothera elata,Lance leaves; large yellow 4-petaled flowers open at dusk; tall biennial along streams,Evening_Primrose.jpg,Native,Herb,Edible,Roots & young leaves edible; moth-pollinated; nocturnal garden,,,https://www.google.com/search?q=Evening%20Primrose%20California%20native%20plant,https://calscape.org/plant/Oenothera-elata
Sand Verbena (Pink),Abronia umbellata,Sticky oval leaves; pink fragrant verbena-like flower clusters; coastal sand,Sand_Verbena.jpg,Native,Herb,Not edible,Coastal dune stabilizer; fragrant ornamental; beach garden,,,https://www.google.com/search?q=Sand%20Verbena%20%28Pink%29%20California%20native%20plant,https://calscape.org/plant/Abronia-umbellata
Beach Evening Primrose,Camissoniopsis cheiranthifolia,Oval leaves; yellow flowers; low mat-forming; coastal dunes and sandy soils,Beach_Evening_Primrose.jpg,Native,Herb,Not edible,Coastal dune stabilizer; sandy garden; silver foliage ornamental,,,https://www.google.com/search?q=Beach%20Evening%20Primrose%20California%20native%20plant,https://calscape.org/plant/Camissoniopsis-cheiranthifolia
California Phacelia,Phacelia californica,Pinnately divided leaves; coiled clusters of blue-purple flowers; hairy; coastal and inland,California_Phacelia.jpg,Native,Herb,Caution,Pollinator; medicinal; rocky garden; skin irritant,,,https://www.google.com/search?q=California%20Phacelia%20California%20native%20plant,https://calscape.org/plant/Phacelia-californica
Blue Phacelia,Phacelia campanularia,Round toothed leaves; bright royal blue bell flowers; desert annual; spectacular display,Blue_Phacelia.jpg,Native,Herb,Caution,Bee forage; desert wildflower; revegetation seed mixes,,,https://www.google.com/search?q=Blue%20Phacelia%20California%20native%20plant,https://calscape.org/plant/Phacelia-campanularia
Whispering Bells,Emmenanthe penduliflora,Lobed glandular leaves; nodding pale yellow bell flowers that persist dry; fire follower,Whispering_Bells.jpg,Native,Herb,Not edible,Post-fire pioneer; dried flower arrangements; interesting texture,,,https://www.google.com/search?q=Whispering%20Bells%20California%20native%20plant,https://calscape.org/plant/Emmenanthe-penduliflora
Fiesta Flower,Pholistoma auritum,Weak sticky prickly stems; lobed leaves; lavender-purple flowers; shaded canyon slopes,Fiesta_Flower.jpg,Native,Herb,Caution,Woodland garden; spring wildflower; velcro-like stems for climbing,,,https://www.google.com/search?q=Fiesta%20Flower%20California%20native%20plant,https://calscape.org/plant/Pholistoma-auritum
Biscuitroot,Lomatium sp.,Finely divided fernlike leaves; yellow umbrella-like flower clusters; thick edible taproot,Biscuitroot.jpg,Native,Herb,Edible,Roots & seeds eaten; important Indigenous food; pollinator,,,https://www.google.com/search?q=Biscuitroot%20California%20native%20plant,https://calscape.org/plant/Lomatium
Blue Larkspur,Delphinium parryi,Palmately lobed leaves; blue-purple spurred flowers; dry chaparral and grasslands,Blue_Larkspur.jpg,Native,Herb,Poisonous,Ornamental; pollinator; grassland wildflower; all parts toxic,,,https://www.google.com/search?q=Blue%20Larkspur%20California%20native%20plant,https://calscape.org/plant/Delphinium-parryi
Scarlet Larkspur,Delphinium cardinale,Palmately divided leaves; tall spikes of brilliant red spurred flowers; hummingbird plant,Scarlet_Larkspur.jpg,Native,Herb,Poisonous,Hummingbird plant; ornamental; chaparral garden; all parts toxic,,,https://www.google.com/search?q=Scarlet%20Larkspur%20California%20native%20plant,https://calscape.org/plant/Delphinium-cardinale
Soap Plant,Chlorogalum pomeridianum,Long wavy-edged basal leaves; white star flowers open late afternoon; bulb makes soapy lather,Soap_Plant.jpg,Native,Herb,Caution,Bulb coat as soap & brush; roasted bulb edible; fiber; medicinal,,,https://www.google.com/search?q=Soap%20Plant%20California%20native%20plant,https://calscape.org/plant/Chlorogalum-pomeridianum
Paper Wild Onion,Allium amplectens,Flattened hollow leaves; white to pink star flowers in tight head; papery-bracted; onion smell,Paper_Wild_Onion.jpg,Native,Herb,Edible,Edible bulbs & leaves; Indigenous food; grassland plant,,,https://www.google.com/search?q=Paper%20Wild%20Onion%20California%20native%20plant,https://calscape.org/plant/Allium-amplectens
Harvest Brodiaea,Brodiaea elegans,Grass-like basal leaves; blue-purple funnel flowers in umbel; corm; grasslands and vernal pools,Harvest_Brodiaea.jpg,Native,Herb,Edible,Corms important Indigenous food; ornamental; dry garden,,,https://www.google.com/search?q=Harvest%20Brodiaea%20California%20native%20plant,https://calscape.org/plant/Brodiaea-elegans
Mission Bells,Fritillaria biflora,Whorled lance leaves; nodding brownish-purple bell flowers; grasslands; uncommon,Mission_Bells.jpg,Native,Herb,Poisonous,Ornamental; bulb toxic; grassland & woodland wildflower,,,https://www.google.com/search?q=Mission%20Bells%20California%20native%20plant,https://calscape.org/plant/Fritillaria-biflora
Adobe Lily,Fritillaria pluriflora,Whorled leaves; pink nodding bell flowers; adobe clay soils; spring blooming,Adobe_Lily.jpg,Native,Herb,Poisonous,Rare ornamental; clay soil specialist; bulb toxic,,,https://www.google.com/search?q=Adobe%20Lily%20California%20native%20plant,https://calscape.org/plant/Fritillaria-pluriflora
Death Camas,Anticlea elegans,Grass-like keeled leaves; creamy white star flowers; toxic bulb resembles wild onion,Death_Camas.jpg,Native,Herb,Poisonous,DEADLY - important safety awareness plant; grassland hazard,,,https://www.google.com/search?q=Death%20Camas%20California%20native%20plant,https://calscape.org/plant/Anticlea-elegans
Fiddleneck,Amsinckia menziesii,Rough hairy leaves and stems; orange-yellow flowers in coiled fiddlehead-like clusters; annual,Fiddleneck.jpg,Native,Herb,Caution,Early bee forage; seeds toxic to livestock; grassland indicator,,,https://www.google.com/search?q=Fiddleneck%20California%20native%20plant,https://calscape.org/plant/Amsinckia-menziesii
Butter and Eggs,Triphysaria eriantha,Finely divided leaves; yellow and white flowers; hemiparasitic annual; spring grasslands,Butter_and_Eggs.jpg,Native,Herb,Caution,Hemiparasitic; pollinator; grassland wildflower mix,,,https://www.google.com/search?q=Butter%20and%20Eggs%20California%20native%20plant,https://calscape.org/plant/Triphysaria-eriantha
Rosinweed,Calycadenia multiglandulosa,Sticky glandular leaves; white to yellow ray flowers; strong resinous smell; dry slopes,Rosinweed.jpg,Native,Herb,Edible,Seeds edible; pollinator; summer grassland display,,,https://www.google.com/search?q=Rosinweed%20California%20native%20plant,https://calscape.org/plant/Calycadenia-multiglandulosa
Hummingbird Trumpet,Epilobium canum,Small narrow leaves; bright red tubular flowers; spreads by rhizomes; dry rocky slopes,Hummingbird_Trumpet.jpg,Native,Shrub,Not edible,Hummingbird plant; fall garden; drought-tolerant ornamental,,,https://www.google.com/search?q=Hummingbird%20Trumpet%20California%20native%20plant,https://calscape.org/plant/Epilobium-canum
Crimson Monkeyflower,Erythranthe cardinalis,Opposite clasping leaves; large red tubular 2-lipped flowers; stream banks; hummingbird pollinated,Crimson_Monkeyflower.jpg,Native,Herb,Edible,Edible leaves; hummingbird plant; stream garden; ornamental,,,https://www.google.com/search?q=Crimson%20Monkeyflower%20California%20native%20plant,https://calscape.org/plant/Erythranthe-cardinalis
Seep Monkeyflower,Erythranthe guttata,Opposite rounded leaves; yellow 2-lipped flowers with red spots; seeps and stream banks,Seep_Monkeyflower.jpg,Native,Herb,Edible,Edible leaves; water garden; pollinator; stream bank stabilizer,,,https://www.google.com/search?q=Seep%20Monkeyflower%20California%20native%20plant,https://calscape.org/plant/Erythranthe-guttata
Scarlet Bush Monkeyflower,Diplacus puniceus,Sticky narrow leaves; red-orange tubular flowers; southern CA endemic; dry slopes,Scarlet_Bush_Monkeyflower.jpg,Native,Shrub,Not edible,Hummingbird specialist; rare coastal sage endemic; ornamental,,,https://www.google.com/search?q=Scarlet%20Bush%20Monkeyflower%20California%20native%20plant,https://calscape.org/plant/Diplacus-puniceus
Keckiella (Red),Keckiella cordifolia,Opposite heart-shaped leaves; red tubular flowers; climbing shrubby vine; chaparral,Keckiella.jpg,Native,Shrub,Not edible,Hummingbird plant; ornamental; chaparral climbing shrub,,,https://www.google.com/search?q=Keckiella%20%28Red%29%20California%20native%20plant,https://calscape.org/plant/Keckiella-cordifolia
Yellow Bush Penstemon,Keckiella antirrhinoides,Small opposite leaves; yellow snapdragon-like flowers; dry rocky chaparral slopes,Yellow_Bush_Penstemon.jpg,Native,Shrub,Not edible,Ornamental; pollinator; chaparral garden,,,https://www.google.com/search?q=Yellow%20Bush%20Penstemon%20California%20native%20plant,https://calscape.org/plant/Keckiella-antirrhinoides
Apache Plume,Fallugia paradoxa,Small lobed leaves; white rose flowers; feathery pink-tinted seed plumes; desert washes,Apache_Plume.jpg,Native,Shrub,Not edible,Ornamental feathery seed plumes; desert garden; wildlife cover,,,https://www.google.com/search?q=Apache%20Plume%20California%20native%20plant,https://calscape.org/plant/Fallugia-paradoxa
Cliffrose,Purshia stansburiana,Small 5-lobed leaves; creamy white rose flowers; long feathery seed tails; desert limestone,Cliffrose.jpg,Native,Shrub,Not edible,Fragrant ornamental; deer browse; desert mountain garden,,,https://www.google.com/search?q=Cliffrose%20California%20native%20plant,https://calscape.org/plant/Purshia-stansburiana
Desert Lavender,Hyptis emoryi,Gray woolly aromatic leaves; tiny purple flowers; densely branched shrub; desert washes,Desert_Lavender.jpg,Native,Shrub,Edible,Fragrant tea; medicinal; bee forage; desert ornamental,,,https://www.google.com/search?q=Desert%20Lavender%20California%20native%20plant,https://calscape.org/plant/Hyptis-emoryi
Pearly Everlasting,Anaphalis margaritacea,Narrow woolly leaves; clusters of white papery everlasting flower heads; dry slopes,Pearly_Everlasting.jpg,Native,Herb,Edible,Dried flower arrangements; medicinal; pollinator; meadow garden,,,https://www.google.com/search?q=Pearly%20Everlasting%20California%20native%20plant,https://calscape.org/plant/Anaphalis-margaritacea
Woolly Paintbrush,Castilleja foliolosa,Woolly leaves; orange-red paintbrush bracts; chaparral and dry rocky slopes,Woolly_Paintbrush.jpg,Native,Herb,Caution,Hummingbird plant; ornamental; hemiparasitic; dry slope garden,,,https://www.google.com/search?q=Woolly%20Paintbrush%20California%20native%20plant,https://calscape.org/plant/Castilleja-foliolosa
Indian Warrior,Pedicularis densiflora,Fernlike divided leaves; deep red tubular flowers; hemiparasitic on manzanita roots; woodland,Indian_Warrior.jpg,Native,Herb,Poisonous,Hummingbird plant; ornamental; early bloomer; hemiparasitic; toxic,,,https://www.google.com/search?q=Indian%20Warrior%20California%20native%20plant,https://calscape.org/plant/Pedicularis-densiflora
Sea Fig,Carpobrotus chilensis,Triangular succulent leaves; pink-magenta flowers; invasive on coastal bluffs; from South Africa,Sea_Fig.jpg,Native,Herb,Edible,Edible tart fruit; coastal ground cover; dune stabilizer,,,https://www.google.com/search?q=Sea%20Fig%20California%20native%20plant,https://calscape.org/plant/Carpobrotus-chilensis
Spectacle Pod,Dimorphocarpa wislizenii,Oblong leaves; white 4-petaled flowers; distinctive paired round pod fruits like spectacles,Spectacle_Pod.jpg,Native,Herb,Not edible,Desert ornamental; unique seed pods; sandy soil garden,,,https://www.google.com/search?q=Spectacle%20Pod%20California%20native%20plant,https://calscape.org/plant/Dimorphocarpa-wislizenii
Valley Oak,Quercus lobata,Deeply lobed rounded leaves; long acorns with deep warty cups; massive spreading trunk; endemic,Valley_Oak.jpg,Native,Tree,Caution,Acorns as Indigenous staple (leached); timber; shade; wildlife mast,,,https://www.google.com/search?q=Valley%20Oak%20California%20native%20plant,https://calscape.org/plant/Quercus-lobata
California Black Oak,Quercus kelloggii,Large leaves with pointed bristle-tipped lobes; large acorns; orange fall color; mountain slopes,California_Black_Oak.jpg,Native,Tree,Caution,Acorns leached for food; timber; fall color; wildlife habitat,,,https://www.google.com/search?q=California%20Black%20Oak%20California%20native%20plant,https://calscape.org/plant/Quercus-kelloggii
Blue Oak,Quercus douglasii,Small blue-gray wavy-lobed leaves; small acorns; drought-adapted; inland foothills; deciduous,Blue_Oak.jpg,Native,Tree,Caution,Acorns leached for food; savanna habitat; drought-tolerant shade,,,https://www.google.com/search?q=Blue%20Oak%20California%20native%20plant,https://calscape.org/plant/Quercus-douglasii
California Buckeye,Aesculus californica,Palmate 5-7 leaflets; white to pink flower spikes; large smooth horse chestnut fruit; loses leaves in summer,California_Buckeye.jpg,Native,Tree,Poisonous,Ornamental flowers; Indigenous fish stunning; shade; wildlife cover,,,https://www.google.com/search?q=California%20Buckeye%20California%20native%20plant,https://calscape.org/plant/Aesculus-californica
Pacific Madrone,Arbutus menziesii,Smooth orange-red peeling bark; large glossy evergreen leaves; white urn flowers; red berries,Pacific_Madrone.jpg,Native,Tree,Caution,Berries edible; wood for tools; ornamental bark; wildlife food,,,https://www.google.com/search?q=Pacific%20Madrone%20California%20native%20plant,https://calscape.org/plant/Arbutus-menziesii
California Bay Laurel,Umbellularia californica,Lance-shaped leaves with intense camphor-bay smell; small yellow flowers; olive-like fruits,California_Bay_Laurel.jpg,Native,Tree,Caution,Leaves as cooking bay; medicinal; wood for crafts; wildlife cover,,,https://www.google.com/search?q=California%20Bay%20Laurel%20California%20native%20plant,https://calscape.org/plant/Umbellularia-californica
Gray Pine,Pinus sabiniana,Very long needles in 3s; huge heavy cones; sparse gray-green crown; foothills and dry slopes,Gray_Pine.jpg,Native,Tree,Edible,Large seeds eaten; resin uses; wildlife mast tree; foothill accent,,,https://www.google.com/search?q=Gray%20Pine%20California%20native%20plant,https://calscape.org/plant/Pinus-sabiniana
Coulter Pine,Pinus coulteri,Long needles in 3s; largest pine cones (5-10 lbs); mountains of southern CA,Coulter_Pine.jpg,Native,Tree,Edible,Large seeds edible; ornamental cones; wildlife habitat; mountain slopes,,,https://www.google.com/search?q=Coulter%20Pine%20California%20native%20plant,https://calscape.org/plant/Pinus-coulteri
Knobcone Pine,Pinus attenuata,Needles in 3s; asymmetric cones that remain closed on tree; dry slopes; serotinous cones,Knobcone_Pine.jpg,Native,Tree,Edible,Seeds edible; fire ecology interest; serotinous cones; wildlife,,,https://www.google.com/search?q=Knobcone%20Pine%20California%20native%20plant,https://calscape.org/plant/Pinus-attenuata
White Alder,Alnus rhombifolia,Toothed oval leaves; catkins in early spring; smooth gray bark; riparian corridors,White_Alder.jpg,Native,Tree,Not edible,Nitrogen-fixing riparian tree; dye from bark; stream bank stabilizer,,,https://www.google.com/search?q=White%20Alder%20California%20native%20plant,https://calscape.org/plant/Alnus-rhombifolia
Big-leaf Maple,Acer macrophyllum,Very large 5-lobed leaves (largest of native maples); winged samaras; riparian; yellow fall color,Big_leaf_Maple.jpg,Native,Tree,Edible,Sap for syrup; seeds edible; fall color; wildlife; wood for crafts,,,https://www.google.com/search?q=Big-leaf%20Maple%20California%20native%20plant,https://calscape.org/plant/Acer-macrophyllum
Pacific Dogwood,Cornus nuttallii,Oval veiny leaves; large white bracts (not petals); red berry clusters; mountain forests,Pacific_Dogwood.jpg,Native,Tree,Not edible,Ornamental; fall color; wildlife food; understory accent tree,,,https://www.google.com/search?q=Pacific%20Dogwood%20California%20native%20plant,https://calscape.org/plant/Cornus-nuttallii
California Ash,Fraxinus dipetala,Pinnate leaves 3-7 leaflets; small white 2-petaled flowers; winged samara fruits; riparian,California_Ash.jpg,Native,Tree,Not edible,Riparian habitat; ornamental; wildlife food; canyon accent,,,https://www.google.com/search?q=California%20Ash%20California%20native%20plant,https://calscape.org/plant/Fraxinus-dipetala
Tanoak,Notholithocarpus densiflorus,Toothed evergreen leaves; catkins like oak; acorns in spiny cups; mixed evergreen forest,Tanoak.jpg,Native,Tree,Caution,Acorns leached for food; tannin for leather; wildlife mast; timber,,,https://www.google.com/search?q=Tanoak%20California%20native%20plant,https://calscape.org/plant/Notholithocarpus-densiflorus
Western Juniper,Juniperus occidentalis,Scale-like or awl-like aromatic leaves; fleshy blue-gray berry-like cones; reddish shredding bark,Western_Juniper.jpg,Native,Tree,Caution,Berries (small amounts) flavoring; wood for posts; wildlife food,,,https://www.google.com/search?q=Western%20Juniper%20California%20native%20plant,https://calscape.org/plant/Juniperus-occidentalis
Blue Palo Verde,Parkinsonia florida,Blue-green photosynthetic stems; tiny compound leaves; bright yellow pea flowers; desert washes,Blue_Palo_Verde.jpg,Native,Tree,Edible,Seeds & flowers edible; nitrogen fixer; desert shade; hummingbird,,,https://www.google.com/search?q=Blue%20Palo%20Verde%20California%20native%20plant,https://calscape.org/plant/Parkinsonia-florida
Desert Ironwood,Olneya tesota,Small gray-green compound leaves; purple pea flowers; extremely hard dense wood; Sonoran desert,Desert_Ironwood.jpg,Native,Tree,Edible,Seeds roasted & eaten; hardest North American wood; nurse plant,,,https://www.google.com/search?q=Desert%20Ironwood%20California%20native%20plant,https://calscape.org/plant/Olneya-tesota
California Wild Ginger,Asarum caudatum,Large heart-shaped leaves; hidden brownish maroon 3-tailed flowers at ground level; aromatic rhizome,California_Wild_Ginger.jpg,Native,Herb,Caution,Aromatic rhizome as ginger substitute; shade garden ground cover,,,https://www.google.com/search?q=California%20Wild%20Ginger%20California%20native%20plant,https://calscape.org/plant/Asarum-caudatum
Coral Bells,Heuchera sp.,Lobed maple-like leaves; wiry stems with tiny bell-shaped flowers in clusters; dry rocky slopes,Coral_Bells.jpg,Native,Herb,Not edible,Ornamental; hummingbird plant; shaded rock garden; cut flower,,,https://www.google.com/search?q=Coral%20Bells%20California%20native%20plant,https://calscape.org/plant/Heuchera
Mountain Pennyroyal,Monardella odoratissima,Small aromatic leaves; purple flower heads; alpine and subalpine rocky slopes; mint family,Mountain_Pennyroyal.jpg,Native,Herb,Edible,Aromatic tea; medicinal; rock garden; bee forage; minty fragrance,,,https://www.google.com/search?q=Mountain%20Pennyroyal%20California%20native%20plant,https://calscape.org/plant/Monardella-odoratissima
Coyote Mint,Monardella villosa,Small woolly aromatic leaves; purple flower heads; dry chaparral and rocky slopes; mint family,Coyote_Mint.jpg,Native,Herb,Edible,Edible minty tea; medicinal; pollinator; dry garden ornamental,,,https://www.google.com/search?q=Coyote%20Mint%20California%20native%20plant,https://calscape.org/plant/Monardella-villosa
Purple Needlegrass,Stipa pulchra,Narrow arching leaves; long-awned purple-tinged flower spikelets; CA state grass; bunchgrass,Purple_Needlegrass.jpg,Native,Grass,Edible,State grass; seeds edible; erosion control; native lawn substitute,,,https://www.google.com/search?q=Purple%20Needlegrass%20California%20native%20plant,https://calscape.org/plant/Stipa-pulchra
Deer Grass,Muhlenbergia rigens,Dense clump of narrow arching leaves; slender flower spikes; year-round interest; moist areas,Deer_Grass.jpg,Native,Grass,Not edible,Basket weaving; erosion control; ornamental clump; wildlife cover,,,https://www.google.com/search?q=Deer%20Grass%20California%20native%20plant,https://calscape.org/plant/Muhlenbergia-rigens
Blue Wild Rye,Elymus glaucus,Flat blue-green leaves; bearded flower spikes; woodland edges and shaded slopes,Blue_Wild_Rye.jpg,Native,Grass,Edible,Seeds edible; erosion control; shade-tolerant native grass; wildlife,,,https://www.google.com/search?q=Blue%20Wild%20Rye%20California%20native%20plant,https://calscape.org/plant/Elymus-glaucus
Salt Grass,Distichlis spicata,Low stiff gray-green leaves; salt-encrusted; spreads by rhizomes; coastal salt marshes,Salt_Grass.jpg,Native,Grass,Edible,Edible salty seeds; salt marsh stabilizer; alkaline soil specialist,,,https://www.google.com/search?q=Salt%20Grass%20California%20native%20plant,https://calscape.org/plant/Distichlis-spicata
California Cord Grass,Spartina foliosa,Tall stiff upright leaves; flat flower spikes; salt marsh dominant; intertidal zones,California_Cord_Grass.jpg,Native,Grass,Not edible,Salt marsh stabilizer; tidal wetland; bird nesting; erosion control,,,https://www.google.com/search?q=California%20Cord%20Grass%20California%20native%20plant,https://calscape.org/plant/Spartina-foliosa
Tule,Schoenoplectus acutus,Round leafless stems; brown sausage-shaped flower heads; tall; freshwater marshes and ponds,Tule.jpg,Native,Grass,Edible,Pollen & shoots edible; tule elk habitat; mat weaving; Indigenous boats,,,https://www.google.com/search?q=Tule%20California%20native%20plant,https://calscape.org/plant/Schoenoplectus-acutus
Common Cattail,Typha latifolia,Flat ribbon leaves; distinctive brown sausage seed heads; wetlands and pond margins,Common_Cattail.jpg,Native,Grass,Edible,Multiple edible parts; weaving; wildlife; water filtration; wetland,,,https://www.google.com/search?q=Common%20Cattail%20California%20native%20plant,https://calscape.org/plant/Typha-latifolia
Pacific Rush,Juncus effusus,Round green stems; small brown flower clusters from side of stem; wet soils and stream banks,Pacific_Rush.jpg,Native,Grass,Not edible,Wetland restoration; basket weaving; wildlife cover; water filtration,,,https://www.google.com/search?q=Pacific%20Rush%20California%20native%20plant,https://calscape.org/plant/Juncus-effusus
Meadow Barley,Hordeum brachyantherum,Flat leaves; bearded barley-like seed heads; wet meadows and stream banks,Meadow_Barley.jpg,Native,Grass,Edible,Seeds edible; native lawn; coastal meadow restoration; wildlife,,,https://www.google.com/search?q=Meadow%20Barley%20California%20native%20plant,https://calscape.org/plant/Hordeum-brachyantherum
Indian Ricegrass,Achnatherum hymenoides,Fine wiry leaves; open airy seed heads with large shiny seeds; desert and sandy soils,Indian_Ricegrass.jpg,Native,Grass,Edible,Important Indigenous grain; high protein; desert erosion control,,,https://www.google.com/search?q=Indian%20Ricegrass%20California%20native%20plant,https://calscape.org/plant/Achnatherum-hymenoides
One-sided Bluegrass,Poa secunda,Narrow leaves; one-sided flower clusters; widespread bunchgrass; dry open slopes,One_sided_Bluegrass.jpg,Native,Grass,Edible,Seeds edible; widespread erosion control; dry slope restoration,,,https://www.google.com/search?q=One-sided%20Bluegrass%20California%20native%20plant,https://calscape.org/plant/Poa-secunda
Pacific Fescue,Festuca californica,Fine arching blue-green leaves; open drooping seed heads; chaparral and woodland,Pacific_Fescue.jpg,Native,Grass,Edible,Seeds edible; ornamental bunchgrass; woodland shade grass; wildlife,,,https://www.google.com/search?q=Pacific%20Fescue%20California%20native%20plant,https://calscape.org/plant/Festuca-californica
Slender Hairgrass,Deschampsia elongata,Very fine narrow leaves; delicate airy seed heads; moist meadows and stream banks,Slender_Hairgrass.jpg,Native,Grass,Edible,Seeds edible; ornamental; moist meadow restoration; streamside,,,https://www.google.com/search?q=Slender%20Hairgrass%20California%20native%20plant,https://calscape.org/plant/Deschampsia-elongata
Mesa Sedge,Carex pansa,V-shaped cross-section leaves (sedges have edges!); rhizomatous; dry to moist habitats,Mesa_Sedge.jpg,Native,Grass,Not edible,Native lawn substitute; coastal meadow; erosion control; low water,,,https://www.google.com/search?q=Mesa%20Sedge%20California%20native%20plant,https://calscape.org/plant/Carex-pansa
Spikerush,Eleocharis sp.,Round leafless stems; terminal spike flower head; wetlands and vernal pools,Spikerush.jpg,Native,Grass,Edible,Rootstocks edible; vernal pool restoration; water garden; wildlife,,,https://www.google.com/search?q=Spikerush%20California%20native%20plant,https://calscape.org/plant/Eleocharis
Western Sword Fern,Polystichum munitum,Long pinnate fronds with serrated leaflets; sori in rows; evergreen; shaded canyon slopes,Western_Sword_Fern.jpg,Native,Fern,Not edible,Ornamental; forest understory; fronds used in floristry; wildlife,,,https://www.google.com/search?q=Western%20Sword%20Fern%20California%20native%20plant,https://calscape.org/plant/Polystichum-munitum
Goldback Fern,Pentagramma triangularis,Triangular fronds; golden-yellow waxy powder on underside; dry rocky slopes,Goldback_Fern.jpg,Native,Fern,Not edible,Ornamental gold-backed fronds; dry shade garden; chaparral fern,,Silverback Fern,https://www.google.com/search?q=Goldback%20Fern%20California%20native%20plant,https://calscape.org/plant/Pentagramma-triangularis
California Polypody,Polypodium californicum,Oblong pinnate fronds; sori in rows without covers; rock outcrops and slopes,California_Polypody.jpg,Native,Fern,Edible,Rhizomes licorice-flavored; rock garden fern; cliff face ornamental,,,https://www.google.com/search?q=California%20Polypody%20California%20native%20plant,https://calscape.org/plant/Polypodium-californicum
Five-finger Fern,Adiantum aleuticum,Fan-shaped divided leaflets on black glossy stems; maidenhair fern; seeps and stream banks,Five_finger_Fern.jpg,Native,Fern,Not edible,Delicate ornamental; stream spray zones; moist rock garden,,,https://www.google.com/search?q=Five-finger%20Fern%20California%20native%20plant,https://calscape.org/plant/Adiantum-aleuticum
Coffee Fern,Pellaea andromedifolia,Leathery 2-3 pinnate fronds; round folded leaflets; dry rocky chaparral slopes,Coffee_Fern.jpg,Native,Fern,Not edible,Drought-tolerant fern; chaparral; ornamental coffee-bean leaflets,,,https://www.google.com/search?q=Coffee%20Fern%20California%20native%20plant,https://calscape.org/plant/Pellaea-andromedifolia
Bird's-foot Fern,Pellaea mucronata,Narrow bluish leaflets in groups of 3; dry rocky slopes; rolled leaflet margins cover sori,Bird_s_foot_Fern.jpg,Native,Fern,Not edible,Drought-adapted fern; rock garden; desert edge ornamental,,,https://www.google.com/search?q=Bird%27s-foot%20Fern%20California%20native%20plant,https://calscape.org/plant/Pellaea-mucronata
Bracken Fern,Pteridium aquilinum,Large triangular 3-part fronds; spreads by rhizomes; disturbed areas and woodland,Bracken_Fern.jpg,Native,Fern,Caution,Young fronds edible in small amounts; carcinogenic if eaten often,,,https://www.google.com/search?q=Bracken%20Fern%20California%20native%20plant,https://calscape.org/plant/Pteridium-aquilinum
Lady Fern,Athyrium filix-femina,Large lacy pinnate fronds; sori curved; moist shaded stream banks and canyons,Lady_Fern.jpg,Native,Fern,Not edible,Ornamental; moist forest garden; delicate texture; stream bank,,,https://www.google.com/search?q=Lady%20Fern%20California%20native%20plant,https://calscape.org/plant/Athyrium-filix-femina
Rock Brake,Cryptogramma acrostichoides,Dimorphic fronds (sterile and fertile differ); rock crevices at higher elevations,Rock_Brake.jpg,Native,Fern,Not edible,Alpine rock garden; talus slope specialist; small ornamental fern,,,https://www.google.com/search?q=Rock%20Brake%20California%20native%20plant,https://calscape.org/plant/Cryptogramma-acrostichoides
California Lace Fern,Aspidotis californica,Finely divided lacy fronds; dry rocky slopes and chaparral,California_Lace_Fern.jpg,Native,Fern,Not edible,Ornamental lacy fronds; rocky cliff garden; drought-tolerant,,,https://www.google.com/search?q=California%20Lace%20Fern%20California%20native%20plant,https://calscape.org/plant/Aspidotis-californica
Cloak Fern,Notholaena sp.,Triangular fronds with white or yellow waxy powder; rock crevices and dry slopes,Cloak_Fern.jpg,Native,Fern,Not edible,Desert rock garden; drought-adapted; scale-covered ornamental fern,,,https://www.google.com/search?q=Cloak%20Fern%20California%20native%20plant,https://calscape.org/plant/Notholaena
Horsetail,Equisetum sp.,Jointed hollow green stems; whorled branches; spore-bearing cone at tip; primitive plant,Horsetail.jpg,Native,Fern,Caution,Scouring tool (silica-rich stems); medicinal; pond edge; toxic in quantity,,,https://www.google.com/search?q=Horsetail%20California%20native%20plant,https://calscape.org/plant/Equisetum
California Spikenard,Aralia californica,Huge compound leaves (largest native herb); white flower clusters; dark berries; stream banks,California_Spikenard.jpg,Native,Herb,Caution,Berries edible; medicinal root; dramatic foliage; moist canyon garden,,,https://www.google.com/search?q=California%20Spikenard%20California%20native%20plant,https://calscape.org/plant/Aralia-californica
Cow Parsnip,Heracleum maximum,Very large divided leaves; flat-topped white flower umbels; hollow stems; stream banks,Cow_Parsnip.jpg,Native,Herb,Caution,Young parts edible; fiber; large-leaved accent; sap causes phototoxicity,,,https://www.google.com/search?q=Cow%20Parsnip%20California%20native%20plant,https://calscape.org/plant/Heracleum-maximum
Snowdrop Bush,Styrax officinalis,Oval leaves; pendulous white bell flowers; round dry fruits; woodland and chaparral,Snowdrop_Bush.jpg,Native,Shrub,Not edible,Fragrant ornamental; rare foothill woodland; wildlife,,,https://www.google.com/search?q=Snowdrop%20Bush%20California%20native%20plant,https://calscape.org/plant/Styrax-officinalis
Spicebush,Calycanthus occidentalis,Large opposite aromatic leaves; dark red-maroon flowers with strap-like petals; stream banks,Spicebush.jpg,Native,Shrub,Caution,Aromatic ornamental; stream garden; bark fragrant; seeds mildly toxic,,,https://www.google.com/search?q=Spicebush%20California%20native%20plant,https://calscape.org/plant/Calycanthus-occidentalis
Bush Anemone,Carpenteria californica,Opposite oval leaves; large white flowers with yellow centers; rare; Sierra Nevada foothills,Bush_Anemone.jpg,Native,Shrub,Not edible,Rare endemic ornamental; white flowers; Fresno Co. specialty,,,https://www.google.com/search?q=Bush%20Anemone%20California%20native%20plant,https://calscape.org/plant/Carpenteria-californica
Mission Manzanita,Xylococcus bicolor,Leathery green leaves with white underside; small white urn flowers; red berries; coastal chaparral,Mission_Manzanita.jpg,Native,Shrub,Edible,Berries edible; ornamental bicolor leaves; chaparral; wildlife,,,https://www.google.com/search?q=Mission%20Manzanita%20California%20native%20plant,https://calscape.org/plant/Xylococcus-bicolor
Bigpod Ceanothus,Ceanothus megacarpus,Small oval leaves; white flowers; large seed capsules; dry chaparral; coastal and inland,Bigpod_Ceanothus.jpg,Native,Shrub,Edible,Flowers for tea; nitrogen fixer; ornamental; chaparral anchor,,,https://www.google.com/search?q=Bigpod%20Ceanothus%20California%20native%20plant,https://calscape.org/plant/Ceanothus-megacarpus
Deer Brush,Ceanothus integerrimus,Thin 3-veined alternate leaves; white to blue-lavender flowers; deciduous; mountain shrub,Deer_Brush.jpg,Native,Shrub,Edible,Flowers for tea; nitrogen fixer; deer browse; mountain chaparral,,,https://www.google.com/search?q=Deer%20Brush%20California%20native%20plant,https://calscape.org/plant/Ceanothus-integerrimus
Chaparral Currant,Ribes malvaceum,Lobed maple-like aromatic leaves; pink tubular flowers in winter; blue-black berries; chaparral,Chaparral_Currant.jpg,Native,Shrub,Caution,Berries edible tart; ornamental winter bloomer; wildlife food,,,https://www.google.com/search?q=Chaparral%20Currant%20California%20native%20plant,https://calscape.org/plant/Ribes-malvaceum
Squaw Bush,Rhus trilobata,3 lobed leaflets; small yellow flowers before leaves; red berries; yellow to red fall color,Squaw_Bush.jpg,Native,Shrub,Edible,Tart berries eaten; basket weaving; dye; ornamental fall color,,,https://www.google.com/search?q=Squaw%20Bush%20California%20native%20plant,https://calscape.org/plant/Rhus-trilobata
Spiny Redberry,Rhamnus crocea,Small spiny-edged shiny leaves; tiny flowers; red berries; chaparral and woodland,Spiny_Redberry.jpg,Native,Shrub,Poisonous,Wildlife food (birds); thicket habitat; chaparral structure,,,https://www.google.com/search?q=Spiny%20Redberry%20California%20native%20plant,https://calscape.org/plant/Rhamnus-crocea
Hairy Yerba Santa,Eriodictyon trichocalyx,Lance leaves sticky above and woolly below; lavender tubular flowers in coiled clusters; chaparral,Hairy_Yerba_Santa.jpg,Native,Shrub,Edible,Medicinal tea; expectorant; cough remedy; aromatic ornamental,,,https://www.google.com/search?q=Hairy%20Yerba%20Santa%20California%20native%20plant,https://calscape.org/plant/Eriodictyon-trichocalyx
Prickly Phlox,Leptodactylon californicum,Needle-like prickly leaves; pink to lavender 5-petaled flowers; dry rocky chaparral,Prickly_Phlox.jpg,Native,Herb,Not edible,Ornamental; spring wildflower; dry rocky slope garden,,,https://www.google.com/search?q=Prickly%20Phlox%20California%20native%20plant,https://calscape.org/plant/Leptodactylon-californicum
Inside-out Flower,Vancouveria planipetala,Compound 3-lobed leaflets; small white flowers with reflexed petals; coastal redwood forest,Inside_out_Flower.jpg,Native,Herb,Not edible,Ornamental; redwood forest ground cover; delicate white flowers,,,https://www.google.com/search?q=Inside-out%20Flower%20California%20native%20plant,https://calscape.org/plant/Vancouveria-planipetala
Coyote Tobacco,Nicotiana attenuata,Oval leaves; white tubular flowers; night-fragrant; moth pollinated; disturbed areas,Coyote_Tobacco.jpg,Native,Herb,Poisonous,Ceremonial Indigenous use; hummingbird plant; all parts toxic,,,https://www.google.com/search?q=Coyote%20Tobacco%20California%20native%20plant,https://calscape.org/plant/Nicotiana-attenuata
Datura (Sacred),Datura wrightii,Large oval leaves; huge white trumpet flowers; spiny seed pods; highly toxic; disturbed areas,Datura.jpg,Native,Herb,Poisonous,Ceremonial plant; ornamental nocturnal blooms; HIGHLY toxic,,,https://www.google.com/search?q=Datura%20%28Sacred%29%20California%20native%20plant,https://calscape.org/plant/Datura-wrightii
Catclaw Acacia,Senegalia greggii,Tiny bipinnate leaves; cream puffball flowers; curved cat-claw thorns; desert washes,Catclaw_Acacia.jpg,Native,Shrub,Edible,Seeds edible; wildlife food; thorny barrier hedge; bee forage,,,https://www.google.com/search?q=Catclaw%20Acacia%20California%20native%20plant,https://calscape.org/plant/Senegalia-greggii
Burrobrush,Hymenoclea salsola,Narrow aromatic leaves; small flowers with papery winged seeds; desert washes and sandy soils,Burrobrush.jpg,Native,Shrub,Not edible,Desert wash stabilizer; wildlife cover; xeriscape,,,https://www.google.com/search?q=Burrobrush%20California%20native%20plant,https://calscape.org/plant/Hymenoclea-salsola
Desert Broom,Baccharis sarothroides,Nearly leafless green broom-like stems; fluffy white seed heads; desert and dry washes,Desert_Broom.jpg,Native,Shrub,Not edible,Erosion control; desert revegetation; wildlife cover,,,https://www.google.com/search?q=Desert%20Broom%20California%20native%20plant,https://calscape.org/plant/Baccharis-sarothroides
Desert Holly,Atriplex hymenelytra,Silvery spiny holly-like leaves; small flowers; salt tolerant; Mojave desert flats,Desert_Holly.jpg,Native,Shrub,Not edible,Ornamental silver holly-like leaves; desert garden; drought garden,,,https://www.google.com/search?q=Desert%20Holly%20California%20native%20plant,https://calscape.org/plant/Atriplex-hymenelytra
Cheesebush,Ambrosia salsola,Narrow leaves; small yellow flowers; cheese-like smell; dry washes and desert scrub,Cheesebush.jpg,Native,Shrub,Not edible,Desert wash habitat; strong-smelling; wildlife cover,,,https://www.google.com/search?q=Cheesebush%20California%20native%20plant,https://calscape.org/plant/Ambrosia-salsola
Goldenhead,Acamptopappus sphaerocephalus,Small narrow leaves; yellow button-like flower heads; dry rocky desert slopes,Goldenhead.jpg,Native,Shrub,Not edible,Desert ornamental; yellow flowers; dry wash garden,,,https://www.google.com/search?q=Goldenhead%20California%20native%20plant,https://calscape.org/plant/Acamptopappus-sphaerocephalus
Parish's Goldeneye,Bahiopsis parishii,Triangular toothed leaves; yellow daisy flowers; dry desert slopes; southern CA endemic,Parish_s_Goldeneye.jpg,Native,Shrub,Not edible,Late-season pollinator; desert ornamental; yellow daisy flowers,,,https://www.google.com/search?q=Parish%27s%20Goldeneye%20California%20native%20plant,https://calscape.org/plant/Bahiopsis-parishii
Desert Trumpet,Eriogonum inflatum,Basal leaves; hollow inflated stems; tiny yellow flowers; desert flats and washes,Desert_Trumpet.jpg,Native,Herb,Edible,Seeds & leaves edible; unique inflated stem; desert curiosity,,,https://www.google.com/search?q=Desert%20Trumpet%20California%20native%20plant,https://calscape.org/plant/Eriogonum-inflatum
Silver Cholla,Cylindropuntia echinocarpa,Silver-white spines on cylindrical joints; yellow-green flowers; Mojave desert,Silver_Cholla.jpg,Native,Cactus,Edible,Buds edible; ornamental silver spines; desert wildlife habitat,,,https://www.google.com/search?q=Silver%20Cholla%20California%20native%20plant,https://calscape.org/plant/Cylindropuntia-echinocarpa
Barrel Cactus (California),Ferocactus cylindraceus,Barrel-shaped with prominent ribs; red-yellow curved spines; yellow to orange flowers; desert,Barrel_Cactus.jpg,Native,Cactus,Edible,Pulp edible; fruit edible; compass plant (leans south); ornamental,,,https://www.google.com/search?q=Barrel%20Cactus%20%28California%29%20California%20native%20plant,https://calscape.org/plant/Ferocactus-cylindraceus
Buckhorn Cholla,Cylindropuntia acanthocarpa,Brown-spined branching cholla; yellow to orange flowers; Mojave and Sonoran desert,Buckhorn_Cholla.jpg,Native,Cactus,Edible,Buds edible; bird nesting; ornamental; desert garden anchor,,,https://www.google.com/search?q=Buckhorn%20Cholla%20California%20native%20plant,https://calscape.org/plant/Cylindropuntia-acanthocarpa
Coast Cholla,Cylindropuntia prolifera,Dense rusty spines; purple-red flowers; coastal chaparral and sage scrub; detachable joints,Coast_Cholla.jpg,Native,Cactus,Edible,Buds edible; coastal sage scrub; bird nesting cactus,,,https://www.google.com/search?q=Coast%20Cholla%20California%20native%20plant,https://calscape.org/plant/Cylindropuntia-prolifera
Mojave Aster,Xylorhiza tortifolia,Gray-green wavy-toothed leaves; large lavender daisy flowers; Mojave desert in spring,Mojave_Aster.jpg,Native,Herb,Not edible,Ornamental spring desert display; pollinator; xeriscape,,,https://www.google.com/search?q=Mojave%20Aster%20California%20native%20plant,https://calscape.org/plant/Xylorhiza-tortifolia
Desert Aster,Xylorhiza cognata,Narrow gray leaves; lavender daisy flowers; desert washes and sandy flats,Desert_Aster.jpg,Native,Herb,Not edible,Late-season pollinator; ornamental; desert garden,,,https://www.google.com/search?q=Desert%20Aster%20California%20native%20plant,https://calscape.org/plant/Xylorhiza-cognata
Spanish Bayonet,Yucca baccata,Stiff blue-gray spine-tipped leaves with marginal fibers; white to purple flowers; edible fruit,Spanish_Bayonet.jpg,Native,Shrub,Edible,Flowers edible; fiber; soap from roots; dramatic ornamental,,,https://www.google.com/search?q=Spanish%20Bayonet%20California%20native%20plant,https://calscape.org/plant/Yucca-baccata
Shaw's Agave,Agave shawii,Rosette of broad fleshy spine-tipped leaves; tall flower stalk; coastal sage scrub; rare,Shaw_s_Agave.jpg,Native,Cactus,Edible,Roasted hearts edible; fiber; rare coastal ornamental; cultural plant,,,https://www.google.com/search?q=Shaw%27s%20Agave%20California%20native%20plant,https://calscape.org/plant/Agave-shawii
California Fan Palm,Washingtonia filifera,Large fan-shaped leaves with thread-like fibers; skirt of dead fronds; native oasis palm,California_Fan_Palm.jpg,Native,Palm,Edible,Fruit edible; fronds for shelter & baskets; desert oasis anchor,,,https://www.google.com/search?q=California%20Fan%20Palm%20California%20native%20plant,https://calscape.org/plant/Washingtonia-filifera
Hesper Palm,Brahea armata,Blue-gray fan-shaped leaves; long hanging flower clusters; dry slopes; Baja native,Hesper_Palm.jpg,Native,Palm,Edible,Fruit edible; ornamental; Baja border specialty; desert island,,,https://www.google.com/search?q=Hesper%20Palm%20California%20native%20plant,https://calscape.org/plant/Brahea-armata
Desert Senna,Senna armata,Small compound leaves; yellow pea flowers; spiny green stems; desert scrub,Desert_Senna.jpg,Native,Shrub,Caution,Medicinal laxative; ornamental yellow flowers; butterfly host,,,https://www.google.com/search?q=Desert%20Senna%20California%20native%20plant,https://calscape.org/plant/Senna-armata
Cat's Claw Mimosa,Mimosa aculeaticarpa,Bipinnate leaves; pink puffball flowers; curved prickles; desert washes and rocky slopes,Cat_s_Claw_Mimosa.jpg,Native,Shrub,Not edible,Thorny barrier; wildlife cover; desert wash stabilizer,,,https://www.google.com/search?q=Cat%27s%20Claw%20Mimosa%20California%20native%20plant,https://calscape.org/plant/Mimosa-aculeaticarpa
Honey Mesquite,Prosopis glandulosa,Bipinnate leaves; yellow catkin flowers; long sweet seed pods; deep taproot; desert,Honey_Mesquite.jpg,Native,Tree,Edible,Pods ground into flour; bee forage; wildlife; shade; Indigenous food,,,https://www.google.com/search?q=Honey%20Mesquite%20California%20native%20plant,https://calscape.org/plant/Prosopis-glandulosa
Screwbean Mesquite,Prosopis pubescens,Bipinnate leaves; cream catkin flowers; distinctive coiled screw-like seed pods; desert washes,Screwbean_Mesquite.jpg,Native,Tree,Edible,Spiral pods edible; Indigenous food; riparian shade; wildlife,,,https://www.google.com/search?q=Screwbean%20Mesquite%20California%20native%20plant,https://calscape.org/plant/Prosopis-pubescens
Foxtail Cactus,Escobaria vivipara,Cylindrical clustered stems; pink-purple flowers; spiny; desert grasslands,Foxtail_Cactus.jpg,Native,Cactus,Not edible,Ornamental; unique cylindrical form; desert garden,,,https://www.google.com/search?q=Foxtail%20Cactus%20California%20native%20plant,https://calscape.org/plant/Escobaria-vivipara
Sea Rocket,Cakile edentula,Succulent lobed leaves; pink 4-petaled flowers; fleshy seed pods; coastal strand,Sea_Rocket.jpg,Native,Herb,Edible,Spicy edible leaves; coastal annual; beach garden curiosity,,,https://www.google.com/search?q=Sea%20Rocket%20California%20native%20plant,https://calscape.org/plant/Cakile-edentula
Sand Verbena (Yellow),Abronia latifolia,Sticky oval leaves; yellow fragrant flower clusters; coastal dunes; northern CA,Sand_Verbena.jpg,Native,Herb,Not edible,Fragrant desert dune ornamental; sandy soil specialist,,,https://www.google.com/search?q=Sand%20Verbena%20%28Yellow%29%20California%20native%20plant,https://calscape.org/plant/Abronia-latifolia
Scarlet Gilia,Ipomopsis aggregata,Finely divided leaves; narrow red trumpet flowers; hummingbird plant; mountain meadows,Scarlet_Gilia.jpg,Native,Herb,Not edible,Hummingbird plant; ornamental; dry montane garden,,,https://www.google.com/search?q=Scarlet%20Gilia%20California%20native%20plant,https://calscape.org/plant/Ipomopsis-aggregata
Brown-eyed Evening Primrose,Camissonia claviformis,Pinnately lobed leaves; white 4-petaled flowers with brown spots; desert annual,Brown_eyed_Evening_Primrose.jpg,Native,Herb,Edible,Edible roots; nocturnal bloomer; moth-pollinated; sandy garden,,,https://www.google.com/search?q=Brown-eyed%20Evening%20Primrose%20California%20native%20plant,https://calscape.org/plant/Camissonia-claviformis
Desert Blazingstar,Mentzelia nitens,Rough sticky leaves and stems; cream star-shaped flowers with many stamens; desert slopes,Desert_Blazingstar.jpg,Native,Herb,Edible,Seeds edible; nocturnal ornamental; desert rocky garden,,,https://www.google.com/search?q=Desert%20Blazingstar%20California%20native%20plant,https://calscape.org/plant/Mentzelia-nitens
Tansy Phacelia,Phacelia tanacetifolia,Fernlike divided leaves; coiled clusters of blue-purple flowers; important bee plant; annual,Tansy_Phacelia.jpg,Native,Herb,Caution,Bee forage; wildflower meadow; skin irritant; vivid blue blooms,,,https://www.google.com/search?q=Tansy%20Phacelia%20California%20native%20plant,https://calscape.org/plant/Phacelia-tanacetifolia
White Layia,Layia glandulosa,Narrow glandular leaves; white ray flowers with yellow disk; desert grasslands and washes,White_Layia.jpg,Native,Herb,Not edible,Wildflower display; pollinator; sandy soil specialist,,,https://www.google.com/search?q=White%20Layia%20California%20native%20plant,https://calscape.org/plant/Layia-glandulosa
Fremont's Tidytips,Layia fremontii,Narrow leaves; yellow ray flowers tipped white; annual; valley grasslands and foothills,Fremont_s_Tidytips.jpg,Native,Herb,Edible,Petals edible; valley wildflower display; bee forage,,,https://www.google.com/search?q=Fremont%27s%20Tidytips%20California%20native%20plant,https://calscape.org/plant/Layia-fremontii
Canyon Clarkia,Clarkia unguiculata,Narrow alternate leaves; lavender to pink 4-petaled flowers with clawed petals; woodland,Canyon_Clarkia.jpg,Native,Herb,Edible,Petals edible; shaded canyon garden; ornamental annual,,Elegant Clarkia,https://www.google.com/search?q=Canyon%20Clarkia%20California%20native%20plant,https://calscape.org/plant/Clarkia-unguiculata
Winecup Clarkia,Clarkia purpurea,Narrow leaves; wine-purple 4-petaled flowers; open grasslands and disturbed areas,Winecup_Clarkia.jpg,Native,Herb,Edible,Petals edible; wildflower meadow; pollinator,,,https://www.google.com/search?q=Winecup%20Clarkia%20California%20native%20plant,https://calscape.org/plant/Clarkia-purpurea
Farewell-to-Spring (Red),Clarkia rubicunda,Narrow leaves; red to pink 4-petaled flowers; chaparral openings; summer annual,Farewell_to_Spring.jpg,Native,Herb,Edible,Petals edible; coastal wildflower; late-season display,,,https://www.google.com/search?q=Farewell-to-Spring%20%28Red%29%20California%20native%20plant,https://calscape.org/plant/Clarkia-rubicunda
Hillside Pea,Lathyrus vestitus,Compound leaves with tendrils; pink to lavender pea flowers; chaparral and woodland,Hillside_Pea.jpg,Native,Herb,Caution,Climbing wildflower; pollinator; chaparral edge; seeds mildly toxic,,Pacific Pea,https://www.google.com/search?q=Hillside%20Pea%20California%20native%20plant,https://calscape.org/plant/Lathyrus-vestitus
Broad-leaf Lupine,Lupinus latifolius,Large palmate leaves; blue-purple pea flowers; tall perennial; mountain meadows,Broad_leaf_Lupine.jpg,Native,Herb,Poisonous,Nitrogen fixer; ornamental; mountain meadow; seeds toxic,,,https://www.google.com/search?q=Broad-leaf%20Lupine%20California%20native%20plant,https://calscape.org/plant/Lupinus-latifolius
Deer Clover,Trifolium variegatum,3-leaflet clover; purple and white flowers; vernal pools and moist grasslands,Deer_Clover.jpg,Native,Herb,Edible,Young leaves edible; deer forage; moist grassland restoration,,,https://www.google.com/search?q=Deer%20Clover%20California%20native%20plant,https://calscape.org/plant/Trifolium-variegatum
Purple Owl's Clover,Castilleja exserta,Finely divided leaves; purple-pink hairy bracts and flowers; annual; spring grasslands,Purple_Owl_s_Clover.jpg,Native,Herb,Caution,Wildflower display; hemiparasitic; pollinator,,Owl's Clover,https://www.google.com/search?q=Purple%20Owl%27s%20Clover%20California%20native%20plant,https://calscape.org/plant/Castilleja-exserta
Parish's Poppy,Eschscholzia parishii,Finely divided blue-green leaves; yellow-orange flowers; desert edges and sandy soils,Parish_s_Poppy.jpg,Native,Herb,Caution,Desert mountain ornamental; rare spring annual; poppy relative,,,https://www.google.com/search?q=Parish%27s%20Poppy%20California%20native%20plant,https://calscape.org/plant/Eschscholzia-parishii
Parish's Phacelia,Phacelia parishii,Oval to lobed leaves; purple tubular flowers; desert slopes; southern CA endemic,Parish_s_Phacelia.jpg,Native,Herb,Caution,Bee forage; desert wildflower; skin irritant,,,https://www.google.com/search?q=Parish%27s%20Phacelia%20California%20native%20plant,https://calscape.org/plant/Phacelia-parishii
Woolly Phacelia,Phacelia eriophylla,Woolly leaves; purple flowers; desert mountains and rocky slopes,Woolly_Phacelia.jpg,Native,Herb,Caution,Bee forage; wildflower display; skin irritant; soft woolly texture,,,https://www.google.com/search?q=Woolly%20Phacelia%20California%20native%20plant,https://calscape.org/plant/Phacelia-eriophylla
Caterpillar Phacelia,Phacelia cicutaria,Pinnately divided leaves; white to lavender flowers in coiled caterpillar-like clusters,Caterpillar_Phacelia.jpg,Native,Herb,Caution,Bee forage; coiled flower clusters; wildflower mix; skin irritant,,,https://www.google.com/search?q=Caterpillar%20Phacelia%20California%20native%20plant,https://calscape.org/plant/Phacelia-cicutaria
Scarlet Pimpernel,Anagallis arvensis,Small opposite oval leaves; tiny red (or blue) flowers; low annual; disturbed areas; non-native,Scarlet_Pimpernel.jpg,Non-native,Herb,Poisonous,Toxic weed; weather-predicting flowers (close when cloudy),,,https://www.google.com/search?q=Scarlet%20Pimpernel%20California%20native%20plant,https://calscape.org/loc-california/cat-all/ord-popular/q-Anagallis%20arvensis/poplevel-0
Wild Mustard,Brassica rapa,Lobed lower leaves clasping stem; bright yellow 4-petaled flowers; non-native annual weed,Wild_Mustard.jpg,Non-native,Herb,Edible,Edible greens & seeds; invasive; fire hazard; bee forage,,,https://www.google.com/search?q=Wild%20Mustard%20California%20native%20plant,https://calscape.org/loc-california/cat-all/ord-popular/q-Brassica%20rapa/poplevel-0
Red-stem Filaree,Erodium cicutarium,Finely pinnate leaves; pink geranium-like flowers; pointed beak-like fruits; non-native,Red_stem_Filaree.jpg,Non-native,Herb,Edible,Edible leaves; early bee forage; spiraling seed corkscrew dispersal,,Storksbill,https://www.google.com/search?q=Red-stem%20Filaree%20California%20native%20plant,https://calscape.org/loc-california/cat-all/ord-popular/q-Erodium%20cicutarium/poplevel-0
White-stem Filaree,Erodium moschatum,Less divided leaves; pink flowers; musk smell; non-native weed,White_stem_Filaree.jpg,Non-native,Herb,Edible,Edible leaves; early bee forage; drought-adapted weed,,,https://www.google.com/search?q=White-stem%20Filaree%20California%20native%20plant,https://calscape.org/loc-california/cat-all/ord-popular/q-Erodium%20moschatum/poplevel-0
Foxtail Barley,Hordeum murinum,Flat leaves; dense bushy barley-like seed heads with long awns; disturbed areas; non-native,Foxtail_Barley.jpg,Non-native,Grass,Caution,Barbed awns injure pets; weed; limited wildlife value,,,https://www.google.com/search?q=Foxtail%20Barley%20California%20native%20plant,https://calscape.org/loc-california/cat-all/ord-popular/q-Hordeum%20murinum/poplevel-0
Wild Oats,Avena fatua,Flat leaves; drooping oat-like seed heads with long twisted awns; non-native annual grass,Wild_Oats.jpg,Non-native,Grass,Edible,Seeds edible; invasive grassland weed; fire hazard; bee forage,,,https://www.google.com/search?q=Wild%20Oats%20California%20native%20plant,https://calscape.org/loc-california/cat-all/ord-popular/q-Avena%20fatua/poplevel-0
Ripgut Brome,Bromus diandrus,Flat hairy leaves; large drooping grass heads with very long awns; non-native; ubiquitous,Ripgut_Brome.jpg,Non-native,Grass,Caution,Invasive; awns injure livestock; fire fuel; displaces natives,,,https://www.google.com/search?q=Ripgut%20Brome%20California%20native%20plant,https://calscape.org/loc-california/cat-all/ord-popular/q-Bromus%20diandrus/poplevel-0
Cheatgrass,Bromus tectorum,Hairy soft leaves; nodding reddish seed heads; early invasive; dries early increasing fire risk,Cheatgrass.jpg,Non-native,Grass,Caution,Highly invasive; increases wildfire frequency; displaces natives,,,https://www.google.com/search?q=Cheatgrass%20California%20native%20plant,https://calscape.org/loc-california/cat-all/ord-popular/q-Bromus%20tectorum/poplevel-0
Italian Ryegrass,Lolium multiflorum,Flat shiny leaves; alternating spikelets in flat spike; non-native forage grass; roadsides,Italian_Ryegrass.jpg,Non-native,Grass,Not edible,Invasive turf weed; displaces native grasses; fire fuel,,,https://www.google.com/search?q=Italian%20Ryegrass%20California%20native%20plant,https://calscape.org/loc-california/cat-all/ord-popular/q-Lolium%20multiflorum/poplevel-0
Annual Bluegrass,Poa annua,Boat-shaped leaf tips; compact open seed head; low-growing; disturbed moist areas; non-native,Annual_Bluegrass.jpg,Non-native,Grass,Not edible,Lawn & turf weed; displaces natives; early spring grower,,,https://www.google.com/search?q=Annual%20Bluegrass%20California%20native%20plant,https://calscape.org/loc-california/cat-all/ord-popular/q-Poa%20annua/poplevel-0
Bermuda Grass,Cynodon dactylon,Flat short leaves; finger-like radiating seed spikes; spreads by stolons and rhizomes; non-native,Bermuda_Grass.jpg,Non-native,Grass,Not edible,Invasive lawn weed; drought tolerant; sports turf; hard to remove,,,https://www.google.com/search?q=Bermuda%20Grass%20California%20native%20plant,https://calscape.org/loc-california/cat-all/ord-popular/q-Cynodon%20dactylon/poplevel-0
Kikuyu Grass,Cenchrus clandestinus,Coarse leaves; spreads aggressively by stolons and rhizomes; invasive coastal turf grass,Kikuyu_Grass.jpg,Non-native,Grass,Not edible,Aggressive invasive; smothers natives; hard to control,,,https://www.google.com/search?q=Kikuyu%20Grass%20California%20native%20plant,https://calscape.org/loc-california/cat-all/ord-popular/q-Cenchrus%20clandestinus/poplevel-0
Hottentot Fig (Ice Plant),Carpobrotus edulis,Triangular succulent leaves; large yellow to pink flowers; invasive coastal bluff cover; from South Africa,Hottentot_Fig.jpg,Non-native,Herb,Edible,Edible tart fruit; invasive dune cover; smothers native plants,,,https://www.google.com/search?q=Hottentot%20Fig%20%28Ice%20Plant%29%20California%20native%20plant,https://calscape.org/loc-california/cat-all/ord-popular/q-Carpobrotus%20edulis/poplevel-0
Freeway Ice Plant,Delosperma cooperi,Cylindrical succulent leaves; magenta flowers; low groundcover; non-native; highway slopes,Freeway_Ice_Plant.jpg,Non-native,Herb,Not edible,Invasive; used for erosion control; smothers native plants,,,https://www.google.com/search?q=Freeway%20Ice%20Plant%20California%20native%20plant,https://calscape.org/loc-california/cat-all/ord-popular/q-Delosperma%20cooperi/poplevel-0
Cape Ivy,Delairea odorata,Ivy-shaped leaves; yellow daisy flowers; invasive climbing vine; coastal scrub and woodland,Cape_Ivy.jpg,Non-native,Vine,Poisonous,Highly invasive; smothers trees; toxic; hard to control,,,https://www.google.com/search?q=Cape%20Ivy%20California%20native%20plant,https://calscape.org/loc-california/cat-all/ord-popular/q-Delairea%20odorata/poplevel-0
English Ivy,Hedera helix,Dark glossy 3-5 lobed leaves; climbing vine; aggressive invasive understory; European origin,English_Ivy.jpg,Non-native,Vine,Poisonous,Invasive shade ground cover; toxic berries; smothers understory,,,https://www.google.com/search?q=English%20Ivy%20California%20native%20plant,https://calscape.org/loc-california/cat-all/ord-popular/q-Hedera%20helix/poplevel-0
Pampas Grass,Cortaderia selloana,Tall clumps of long sharp-edged leaves; huge white to pink feathery plumes; invasive; South America,Pampas_Grass.jpg,Non-native,Grass,Not edible,Highly invasive; fire hazard; large ornamental; hard to eradicate,,,https://www.google.com/search?q=Pampas%20Grass%20California%20native%20plant,https://calscape.org/loc-california/cat-all/ord-popular/q-Cortaderia%20selloana/poplevel-0
Giant Reed,Arundo donax,Bamboo-like cane stems; large flat leaves; large feathery plumes; invasive riparian; Mediterranean,Giant_Reed.jpg,Non-native,Grass,Not edible,Highly invasive riparian weed; fire hazard; displaces willows,,,https://www.google.com/search?q=Giant%20Reed%20California%20native%20plant,https://calscape.org/loc-california/cat-all/ord-popular/q-Arundo%20donax/poplevel-0
Tamarisk (Saltcedar),Tamarix ramosissima,Scale-like gray-green leaves; pink flower spikes; salt-secreting leaves; invasive riparian,Tamarisk.jpg,Non-native,Tree,Not edible,Invasive riparian; salt accumulation; displaces natives; fire fuel,,,https://www.google.com/search?q=Tamarisk%20%28Saltcedar%29%20California%20native%20plant,https://calscape.org/loc-california/cat-all/ord-popular/q-Tamarix%20ramosissima/poplevel-0
Tree of Heaven,Ailanthus altissima,Large pinnate leaves; foul-smelling flowers; papery winged fruits; fast-growing invasive,Tree_of_Heaven.jpg,Non-native,Tree,Poisonous,Invasive urban weed tree; allelopathic; Spotted Lanternfly host,,,https://www.google.com/search?q=Tree%20of%20Heaven%20California%20native%20plant,https://calscape.org/loc-california/cat-all/ord-popular/q-Ailanthus%20altissima/poplevel-0
Eucalyptus (Blue Gum),Eucalyptus globulus,Juvenile round waxy leaves; mature sickle-shaped; peeling bark; strong eucalyptus scent; invasive,Eucalyptus_Blue_Gum.jpg,Non-native,Tree,Not edible,Invasive; fire hazard; Monarch butterfly roost; medicinal oil,,,https://www.google.com/search?q=Eucalyptus%20%28Blue%20Gum%29%20California%20native%20plant,https://calscape.org/loc-california/cat-all/ord-popular/q-Eucalyptus%20globulus/poplevel-0
Eucalyptus (Lemon),Corymbia citriodora,Long lance leaves; smooth white bark; strong lemon scent; non-native ornamental/invasive,Eucalyptus_Lemon.jpg,Non-native,Tree,Not edible,Invasive; insect repellent oil; ornamental; fire hazard,,,https://www.google.com/search?q=Eucalyptus%20%28Lemon%29%20California%20native%20plant,https://calscape.org/loc-california/cat-all/ord-popular/q-Corymbia%20citriodora/poplevel-0
Periwinkle,Vinca major,Glossy oval leaves; blue-violet 5-petaled flowers; trailing vine; invasive in moist areas,Periwinkle.jpg,Non-native,Herb,Poisonous,Invasive ground cover; toxic; medicinal alkaloids; shade garden,,,https://www.google.com/search?q=Periwinkle%20California%20native%20plant,https://calscape.org/loc-california/cat-all/ord-popular/q-Vinca%20major/poplevel-0
Common Fennel,Foeniculum vulgare,Finely divided feathery leaves; yellow umbrella flower clusters; strong anise smell; invasive,Common_Fennel.jpg,Non-native,Herb,Edible,Edible all parts; anise flavor; invasive; swallowtail butterfly host,,,https://www.google.com/search?q=Common%20Fennel%20California%20native%20plant,https://calscape.org/loc-california/cat-all/ord-popular/q-Foeniculum%20vulgare/poplevel-0
Wild Artichoke Thistle,Cynara cardunculus,Very large spiny leaves; large purple thistle flowers; gray-green; invasive; Mediterranean,Wild_Artichoke_Thistle.jpg,Non-native,Herb,Edible,Edible hearts & stalks; invasive; sharp spines; fire hazard,,,https://www.google.com/search?q=Wild%20Artichoke%20Thistle%20California%20native%20plant,https://calscape.org/loc-california/cat-all/ord-popular/q-Cynara%20cardunculus/poplevel-0
Yellow Star Thistle,Centaurea solstitialis,Spiny-winged stems; yellow flowers with sharp straw-colored spines; invasive annual; noxious weed,Yellow_Star_Thistle.jpg,Non-native,Herb,Caution,Invasive; causes horse brain disease; bee forage for honey,,,https://www.google.com/search?q=Yellow%20Star%20Thistle%20California%20native%20plant,https://calscape.org/loc-california/cat-all/ord-popular/q-Centaurea%20solstitialis/poplevel-0
Bull Thistle,Cirsium vulgare,Spiny deeply lobed leaves; purple flowers; biennial; disturbed areas; non-native weed,Bull_Thistle.jpg,Non-native,Herb,Edible,Edible roots & stems; invasive; goldfinch seed source,,,https://www.google.com/search?q=Bull%20Thistle%20California%20native%20plant,https://calscape.org/loc-california/cat-all/ord-popular/q-Cirsium%20vulgare/poplevel-0
Milk Thistle,Silybum marianum,Large glossy leaves with white veins; purple thistle flowers; non-native; medicinal,Milk_Thistle.jpg,Non-native,Herb,Edible,Edible greens & seeds; medicinal (liver supplement); invasive,,,https://www.google.com/search?q=Milk%20Thistle%20California%20native%20plant,https://calscape.org/loc-california/cat-all/ord-popular/q-Silybum%20marianum/poplevel-0
Russian Thistle (Tumbleweed),Salsola tragus,Young: soft succulent leaves; mature: spiny; round tumbling habit when dry; non-native,Russian_Thistle.jpg,Non-native,Herb,Edible,Young shoots edible; iconic tumbleweed; fire hazard; invasive,,,https://www.google.com/search?q=Russian%20Thistle%20%28Tumbleweed%29%20California%20native%20plant,https://calscape.org/loc-california/cat-all/ord-popular/q-Salsola%20tragus/poplevel-0
London Rocket,Sisymbrium irio,Pinnately lobed leaves; small yellow 4-petaled flowers; slender seed pods; non-native weed,London_Rocket.jpg,Non-native,Herb,Edible,Edible peppery leaves; invasive winter annual; bee forage,,,https://www.google.com/search?q=London%20Rocket%20California%20native%20plant,https://calscape.org/loc-california/cat-all/ord-popular/q-Sisymbrium%20irio/poplevel-0
Shepherd's Purse,Capsella bursa-pastoris,Lobed basal leaves; tiny white flowers; distinctive heart-shaped seed pods; non-native weed,Shepherd_s_Purse.jpg,Non-native,Herb,Edible,Edible greens & seeds; medicinal; common urban weed,,,https://www.google.com/search?q=Shepherd%27s%20Purse%20California%20native%20plant,https://calscape.org/loc-california/cat-all/ord-popular/q-Capsella%20bursa-pastoris/poplevel-0
Hairy Bittercress,Cardamine hirsuta,Pinnate leaves; tiny white flowers; slender pods that spring open; early spring weed; non-native,Hairy_Bittercress.jpg,Non-native,Herb,Edible,Edible peppery leaves; explosive seed dispersal; common weed,,,https://www.google.com/search?q=Hairy%20Bittercress%20California%20native%20plant,https://calscape.org/loc-california/cat-all/ord-popular/q-Cardamine%20hirsuta/poplevel-0
Common Chickweed,Stellaria media,Small oval leaves; tiny 5-petaled white flowers (appear 10 due to notch); sprawling mat; non-native,Common_Chickweed.jpg,Non-native,Herb,Edible,Edible tender greens; medicinal; early bee forage; common weed,,,https://www.google.com/search?q=Common%20Chickweed%20California%20native%20plant,https://calscape.org/loc-california/cat-all/ord-popular/q-Stellaria%20media/poplevel-0
Lamb's Quarters,Chenopodium album,Diamond-shaped leaves with white-mealy underside; dense green flower spikes; non-native weed,Lamb_s_Quarters.jpg,Non-native,Herb,Edible,Nutritious edible greens; seeds edible; common garden weed,,,https://www.google.com/search?q=Lamb%27s%20Quarters%20California%20native%20plant,https://calscape.org/loc-california/cat-all/ord-popular/q-Chenopodium%20album/poplevel-0
Common Purslane,Portulaca oleracea,Succulent rounded leaves; tiny yellow flowers; prostrate mat; edible; non-native weed,Common_Purslane.jpg,Non-native,Herb,Edible,Nutritious edible (omega-3); medicinal; succulent weed; worldwide,,,https://www.google.com/search?q=Common%20Purslane%20California%20native%20plant,https://calscape.org/loc-california/cat-all/ord-popular/q-Portulaca%20oleracea/poplevel-0
Pigweed (Redroot),Amaranthus retroflexus,Oval to rhombic leaves; dense green to red flower spikes; red taproot; non-native weed,Pigweed_Redroot.jpg,Non-native,Herb,Edible,Edible leaves & seeds; high protein; nutritious weed,,,https://www.google.com/search?q=Pigweed%20%28Redroot%29%20California%20native%20plant,https://calscape.org/loc-california/cat-all/ord-popular/q-Amaranthus%20retroflexus/poplevel-0
Common Mallow,Malva neglecta,Round lobed leaves; small pink to white flowers; flattened cheese-wheel seed; non-native,Common_Mallow.jpg,Non-native,Herb,Edible,"Edible leaves, flowers & seeds; mucilaginous; medicinal; weed",,,https://www.google.com/search?q=Common%20Mallow%20California%20native%20plant,https://calscape.org/loc-california/cat-all/ord-popular/q-Malva%20neglecta/poplevel-0
Cheeseweed Mallow,Malva parviflora,Round lobed leaves; tiny pink flowers; flat disk-shaped seed heads; non-native weed,Cheeseweed_Mallow.jpg,Non-native,Herb,Edible,Edible young leaves; cheese-shaped seeds edible; urban weed,,,https://www.google.com/search?q=Cheeseweed%20Mallow%20California%20native%20plant,https://calscape.org/loc-california/cat-all/ord-popular/q-Malva%20parviflora/poplevel-0
Curly Dock,Rumex crispus,Long wavy-edged leaves; reddish-brown papery winged seeds; tall; non-native weed; common,Curly_Dock.jpg,Non-native,Herb,Caution,Young leaves edible (tart); seeds edible; medicinal; high oxalates,,,https://www.google.com/search?q=Curly%20Dock%20California%20native%20plant,https://calscape.org/loc-california/cat-all/ord-popular/q-Rumex%20crispus/poplevel-0
Broad-leaf Dock,Rumex obtusifolius,Large flat broad leaves; papery winged seeds; non-native weed; disturbed and moist areas,Broad_leaf_Dock.jpg,Non-native,Herb,Caution,Young leaves edible; medicinal; burdock-like dock; high oxalates,,,https://www.google.com/search?q=Broad-leaf%20Dock%20California%20native%20plant,https://calscape.org/loc-california/cat-all/ord-popular/q-Rumex%20obtusifolius/poplevel-0
Sheep Sorrel,Rumex acetosella,Arrowhead-shaped leaves with basal lobes; reddish flowers; sour taste; non-native weed,Sheep_Sorrel.jpg,Non-native,Herb,Caution,Tart edible leaves; lemonade-like drink; high oxalates; medicinal,,,https://www.google.com/search?q=Sheep%20Sorrel%20California%20native%20plant,https://calscape.org/loc-california/cat-all/ord-popular/q-Rumex%20acetosella/poplevel-0
Yellow Wood Sorrel,Oxalis stricta,3 heart-shaped leaflets; yellow 5-petaled flowers; capsule shoots seeds; non-native weed,Yellow_Wood_Sorrel.jpg,Non-native,Herb,Caution,Tart edible leaves; ornamental; high oxalates; common weed,,,https://www.google.com/search?q=Yellow%20Wood%20Sorrel%20California%20native%20plant,https://calscape.org/loc-california/cat-all/ord-popular/q-Oxalis%20stricta/poplevel-0
Common Groundsel,Senecio vulgaris,Deeply lobed leaves; small yellow flowers without ray petals; fluffy seeds; non-native annual,Common_Groundsel.jpg,Non-native,Herb,Poisonous,Toxic liver alkaloids; fast-cycling weed; bird seed plant,,,https://www.google.com/search?q=Common%20Groundsel%20California%20native%20plant,https://calscape.org/loc-california/cat-all/ord-popular/q-Senecio%20vulgaris/poplevel-0
Bristly Oxtongue,Helminthotheca echioides,Bristle-tipped bumps on leaves; yellow dandelion-like flowers; non-native weed,Bristly_Oxtongue.jpg,Non-native,Herb,Edible,Edible young leaves (bitter); bee forage; coastal weed,,,https://www.google.com/search?q=Bristly%20Oxtongue%20California%20native%20plant,https://calscape.org/loc-california/cat-all/ord-popular/q-Helminthotheca%20echioides/poplevel-0
Cat's Ear,Hypochaeris radicata,Basal rosette of hairy lobed leaves; yellow dandelion-like flowers on branched stems; non-native,Cat_s_Ear.jpg,Non-native,Herb,Edible,Edible dandelion-like leaves & roots; bee forage; lawn weed,,,https://www.google.com/search?q=Cat%27s%20Ear%20California%20native%20plant,https://calscape.org/loc-california/cat-all/ord-popular/q-Hypochaeris%20radicata/poplevel-0
Crabgrass,Digitaria sanguinalis,Flat branching stems; finger-like seed spikes; purplish color; non-native weed grass,Crabgrass.jpg,Non-native,Grass,Edible,Seeds edible; soil binder; lawn weed; heat-tolerant,,,https://www.google.com/search?q=Crabgrass%20California%20native%20plant,https://calscape.org/loc-california/cat-all/ord-popular/q-Digitaria%20sanguinalis/poplevel-0
Barnyardgrass,Echinochloa crus-galli,Stout flat leaves; purplish-green dense branching seed heads; non-native; moist disturbed areas,Barnyardgrass.jpg,Non-native,Grass,Edible,Seeds edible; bird forage; wetland weed; fast growing,,,https://www.google.com/search?q=Barnyardgrass%20California%20native%20plant,https://calscape.org/loc-california/cat-all/ord-popular/q-Echinochloa%20crus-galli/poplevel-0
Johnsongrass,Sorghum halepense,Large corn-like leaves with white midrib; open reddish seed heads; spreads by rhizomes; invasive,Johnsongrass.jpg,Non-native,Grass,Caution,Invasive; HCN in wilted leaves toxic to livestock; hard to control,,,https://www.google.com/search?q=Johnsongrass%20California%20native%20plant,https://calscape.org/loc-california/cat-all/ord-popular/q-Sorghum%20halepense/poplevel-0
Smilo Grass,Stipa miliacea,Fine leaves; delicate open seed heads; non-native Mediterranean grass; dry slopes and roadsides,Smilo_Grass.jpg,Non-native,Grass,Not edible,Invasive bunchgrass; displaces natives; dry slope weed,,,https://www.google.com/search?q=Smilo%20Grass%20California%20native%20plant,https://calscape.org/loc-california/cat-all/ord-popular/q-Stipa%20miliacea/poplevel-0
Jimsonweed,Datura stramonium,Large lobed leaves; white trumpet flowers; spiny egg-shaped seed pods; toxic; disturbed areas,Jimsonweed.jpg,Non-native,Herb,Poisonous,HIGHLY toxic; ornamental nocturnal flowers; hallucinogenic; invasive,,,https://www.google.com/search?q=Jimsonweed%20California%20native%20plant,https://calscape.org/loc-california/cat-all/ord-popular/q-Datura%20stramonium/poplevel-0
Tree Tobacco,Nicotiana glauca,Blue-gray oval leaves; yellow tubular flowers; shrub to small tree; invasive; from South America,Tree_Tobacco.jpg,Non-native,Shrub,Poisonous,Highly toxic; hummingbird nectar (toxic to others); invasive shrub,,,https://www.google.com/search?q=Tree%20Tobacco%20California%20native%20plant,https://calscape.org/loc-california/cat-all/ord-popular/q-Nicotiana%20glauca/poplevel-0
Common Tobacco,Nicotiana tabacum,Large sticky leaves; pink tubular flowers; non-native agricultural plant; occasionally naturalized,Common_Tobacco.jpg,Non-native,Herb,Poisonous,Toxic alkaloids; historical commercial crop; hummingbird plant,,,https://www.google.com/search?q=Common%20Tobacco%20California%20native%20plant,https://calscape.org/loc-california/cat-all/ord-popular/q-Nicotiana%20tabacum/poplevel-0
Purple Loosestrife,Lythrum salicaria,Lance leaves; bright magenta-purple flower spikes; tall; invasive wetland plant; European origin,Purple_Loosestrife.jpg,Non-native,Herb,Not edible,Invasive wetland; beautiful but destroys marsh habitat,,,https://www.google.com/search?q=Purple%20Loosestrife%20California%20native%20plant,https://calscape.org/loc-california/cat-all/ord-popular/q-Lythrum%20salicaria/poplevel-0
Common Mullein,Verbascum thapsus,Large woolly gray-green leaves in rosette; tall spike of yellow flowers; biennial; non-native,Common_Mullein.jpg,Non-native,Herb,Caution,"Medicinal leaves (ear oil, lung tea); torch plant; biennial weed",,,https://www.google.com/search?q=Common%20Mullein%20California%20native%20plant,https://calscape.org/loc-california/cat-all/ord-popular/q-Verbascum%20thapsus/poplevel-0
Moth Mullein,Verbascum blattaria,Smooth toothed leaves; yellow or white flowers with purple stamens; slender spike; non-native,Moth_Mullein.jpg,Non-native,Herb,Not edible,Ornamental roadside weed; biennial; not medicinal like common mullein,,,https://www.google.com/search?q=Moth%20Mullein%20California%20native%20plant,https://calscape.org/loc-california/cat-all/ord-popular/q-Verbascum%20blattaria/poplevel-0
Horehound,Marrubium vulgare,Woolly wrinkled oval leaves; whorls of small white flowers; spiny burr-like fruiting whorls,Horehound.jpg,Non-native,Herb,Caution,Medicinal cough drops; edible in small amounts; invasive weed,,,https://www.google.com/search?q=Horehound%20California%20native%20plant,https://calscape.org/loc-california/cat-all/ord-popular/q-Marrubium%20vulgare/poplevel-0
Common Plantain,Plantago major,Round to oval leaves with parallel veins; narrow spike of tiny flowers; non-native weed,Common_Plantain.jpg,Non-native,Herb,Edible,Edible nutritious leaves; wound-healing medicinal; lawn weed,,,https://www.google.com/search?q=Common%20Plantain%20California%20native%20plant,https://calscape.org/loc-california/cat-all/ord-popular/q-Plantago%20major/poplevel-0
Narrow-leaf Plantain,Plantago lanceolata,Narrow lance leaves with parallel veins; compact egg-shaped flower spike; non-native weed,Narrow_leaf_Plantain.jpg,Non-native,Herb,Edible,Edible young leaves; medicinal; bee forage; lawn weed,,,https://www.google.com/search?q=Narrow-leaf%20Plantain%20California%20native%20plant,https://calscape.org/loc-california/cat-all/ord-popular/q-Plantago%20lanceolata/poplevel-0
Spotted Spurge,Euphorbia maculata,Small oval leaves often with red spot; milky sap; tiny flowers; prostrate mat; non-native weed,Spotted_Spurge.jpg,Non-native,Herb,Poisonous,Toxic milky sap; lawn weed; skin irritant; hard to control,,,https://www.google.com/search?q=Spotted%20Spurge%20California%20native%20plant,https://calscape.org/loc-california/cat-all/ord-popular/q-Euphorbia%20maculata/poplevel-0
Prostrate Spurge,Euphorbia supina,Small oval leaves; milky sap; prostrate mat in disturbed areas; non-native weed,Prostrate_Spurge.jpg,Non-native,Herb,Poisonous,Toxic milky sap; mat-forming weed; skin & eye irritant,,,https://www.google.com/search?q=Prostrate%20Spurge%20California%20native%20plant,https://calscape.org/loc-california/cat-all/ord-popular/q-Euphorbia%20supina/poplevel-0
Castor Bean,Ricinus communis,Large star-shaped palmate leaves; spiny red seed pods; toxic seeds; non-native; naturalized,Castor_Bean.jpg,Non-native,Shrub,Poisonous,HIGHLY toxic seeds (ricin); ornamental foliage; invasive riparian,,,https://www.google.com/search?q=Castor%20Bean%20California%20native%20plant,https://calscape.org/loc-california/cat-all/ord-popular/q-Ricinus%20communis/poplevel-0
Red Clover,Trifolium pratense,3 oval leaflets with pale chevron; pink-purple globose flower heads; non-native forage plant,Red_Clover.jpg,Non-native,Herb,Edible,Edible flowers & leaves; medicinal; nitrogen fixer; bee forage,,,https://www.google.com/search?q=Red%20Clover%20California%20native%20plant,https://calscape.org/loc-california/cat-all/ord-popular/q-Trifolium%20pratense/poplevel-0
White Clover,Trifolium repens,3 round leaflets with pale chevron; white globose flower heads; non-native; spreads by stolons,White_Clover.jpg,Non-native,Herb,Edible,Edible flowers; nitrogen fixer; lawn companion; bee forage,,,https://www.google.com/search?q=White%20Clover%20California%20native%20plant,https://calscape.org/loc-california/cat-all/ord-popular/q-Trifolium%20repens/poplevel-0
Bur Clover,Medicago polymorpha,3 leaflets; small yellow flowers; spiny coiled bur seed pods; non-native weed; lawns,Bur_Clover.jpg,Non-native,Herb,Caution,Burs tangle in fur; nitrogen fixer; winter annual weed,,,https://www.google.com/search?q=Bur%20Clover%20California%20native%20plant,https://calscape.org/loc-california/cat-all/ord-popular/q-Medicago%20polymorpha/poplevel-0
Black Medic,Medicago lupulina,3 leaflets; tiny yellow flowers; small black coiled pod; non-native; disturbed areas,Black_Medic.jpg,Non-native,Herb,Edible,Edible seeds & leaves; nitrogen fixer; clover-like weed,,,https://www.google.com/search?q=Black%20Medic%20California%20native%20plant,https://calscape.org/loc-california/cat-all/ord-popular/q-Medicago%20lupulina/poplevel-0
Yellow Sweet Clover,Melilotus officinalis,3 leaflets; tall spikes of tiny yellow flowers; sweet vanilla scent; non-native biennial,Yellow_Sweet_Clover.jpg,Non-native,Herb,Caution,Medicinal; bee forage (excellent honey); anticoagulant if moldy,,,https://www.google.com/search?q=Yellow%20Sweet%20Clover%20California%20native%20plant,https://calscape.org/loc-california/cat-all/ord-popular/q-Melilotus%20officinalis/poplevel-0
Common Vetch,Vicia sativa,Compound leaves with tendrils; purple pea flowers; climbing annual; non-native weed,Common_Vetch.jpg,Non-native,Vine,Caution,Nitrogen fixer; seeds mildly toxic; cover crop; wildlife forage,,,https://www.google.com/search?q=Common%20Vetch%20California%20native%20plant,https://calscape.org/loc-california/cat-all/ord-popular/q-Vicia%20sativa/poplevel-0
Hairy Vetch,Vicia villosa,Hairy compound leaves with tendrils; dense spikes of blue-purple flowers; non-native,Hairy_Vetch.jpg,Non-native,Vine,Caution,Nitrogen fixer; cover crop; bee forage; seeds mildly toxic,,,https://www.google.com/search?q=Hairy%20Vetch%20California%20native%20plant,https://calscape.org/loc-california/cat-all/ord-popular/q-Vicia%20villosa/poplevel-0
Alfalfa,Medicago sativa,3 leaflets; purple pea flowers; coiled pods; deep taproot; non-native forage crop,Alfalfa.jpg,Non-native,Herb,Edible,Nutritious edible sprouts; hay crop; nitrogen fixer; bee forage,,,https://www.google.com/search?q=Alfalfa%20California%20native%20plant,https://calscape.org/loc-california/cat-all/ord-popular/q-Medicago%20sativa/poplevel-0
Pink Oxalis,Oxalis articulata,3 heart-shaped leaflets; pink 5-petaled flowers; bulbous roots; non-native ornamental/weed,Pink_Oxalis.jpg,Non-native,Herb,Caution,"Edible (tart, high oxalates); ornamental bulb; invasive garden weed",,,https://www.google.com/search?q=Pink%20Oxalis%20California%20native%20plant,https://calscape.org/loc-california/cat-all/ord-popular/q-Oxalis%20articulata/poplevel-0
Poison Hemlock,Conium maculatum,Finely divided fernlike leaves; white umbrella flower clusters; purple-spotted hollow stems; extremely toxic,Poison_Hemlock.jpg,Non-native,Herb,Poisonous,DEADLY toxic; resembles edible plants; invasive; avoid all contact,,,https://www.google.com/search?q=Poison%20Hemlock%20California%20native%20plant,https://calscape.org/loc-california/cat-all/ord-popular/q-Conium%20maculatum/poplevel-0
Wild Carrot,Daucus carota,Finely divided leaves; white flat-topped flower clusters with central dark flower; burred seeds; non-native,Wild_Carrot.jpg,Non-native,Herb,Caution,Edible root; ancestor of carrot; resembles toxic hemlock - caution,,,https://www.google.com/search?q=Wild%20Carrot%20California%20native%20plant,https://calscape.org/loc-california/cat-all/ord-popular/q-Daucus%20carota/poplevel-0
Pineapple Weed,Matricaria discoidea,Finely divided leaves; tiny yellow cone-shaped flower heads without rays; pineapple scent; non-native,Pineapple_Weed.jpg,Non-native,Herb,Edible,Edible pineapple-scented flowers; tea; medicinal; path-side weed,,,https://www.google.com/search?q=Pineapple%20Weed%20California%20native%20plant,https://calscape.org/loc-california/cat-all/ord-popular/q-Matricaria%20discoidea/poplevel-0
Common Chamomile,Anthemis cotula,Finely divided leaves; white daisy flowers; strong pungent smell; non-native weed,Common_Chamomile.jpg,Non-native,Herb,Edible,Edible tea flowers; medicinal relaxant; fragrant lawn companion,,Mayweed,https://www.google.com/search?q=Common%20Chamomile%20California%20native%20plant,https://calscape.org/loc-california/cat-all/ord-popular/q-Anthemis%20cotula/poplevel-0
Silver Wattle,Acacia dealbata,Silver-gray bipinnate leaves; yellow puffball flowers; fast-growing invasive tree; from Australia,Silver_Wattle.jpg,Non-native,Tree,Not edible,Invasive; tannin source; ornamental; fire hazard; fast growing,,,https://www.google.com/search?q=Silver%20Wattle%20California%20native%20plant,https://calscape.org/loc-california/cat-all/ord-popular/q-Acacia%20dealbata/poplevel-0
Bailey's Acacia,Acacia baileyana,Blue-gray bipinnate leaves; bright yellow puffball flowers; non-native ornamental; invasive,Bailey_s_Acacia.jpg,Non-native,Tree,Not edible,Invasive ornamental; yellow pom-pom flowers; fire hazard,,,https://www.google.com/search?q=Bailey%27s%20Acacia%20California%20native%20plant,https://calscape.org/loc-california/cat-all/ord-popular/q-Acacia%20baileyana/poplevel-0
Brazilian Pepper Tree,Schinus terebinthifolia,Pinnate leaves; small white flowers; clusters of bright red berries; invasive; toxic to some,Brazilian_Pepper_Tree.jpg,Non-native,Tree,Poisonous,Invasive; toxic berries; skin irritant (pepper family); hard to remove,,,https://www.google.com/search?q=Brazilian%20Pepper%20Tree%20California%20native%20plant,https://calscape.org/loc-california/cat-all/ord-popular/q-Schinus%20terebinthifolia/poplevel-0
California Pepper Tree,Schinus molle,Weeping pinnate leaves; small flowers; pink peppercorn fruits; non-native ornamental; naturalized,California_Pepper_Tree.jpg,Non-native,Tree,Caution,Ornamental shade tree; pink berries used as pepper; skin irritant,,,https://www.google.com/search?q=California%20Pepper%20Tree%20California%20native%20plant,https://calscape.org/loc-california/cat-all/ord-popular/q-Schinus%20molle/poplevel-0
European Olive,Olea europaea,Narrow silvery-green leaves; small white fragrant flowers; edible olive fruits; non-native,European_Olive.jpg,Non-native,Tree,Edible,Edible cured fruit; oil production; ornamental; can naturalize,,,https://www.google.com/search?q=European%20Olive%20California%20native%20plant,https://calscape.org/loc-california/cat-all/ord-popular/q-Olea%20europaea/poplevel-0
Oleander,Nerium oleander,Long narrow leathery leaves; pink to white flowers; all parts extremely toxic; non-native,Oleander.jpg,Non-native,Shrub,Poisonous,HIGHLY toxic all parts; ornamental hedge; highway planting; fragrant,,,https://www.google.com/search?q=Oleander%20California%20native%20plant,https://calscape.org/loc-california/cat-all/ord-popular/q-Nerium%20oleander/poplevel-0
Lantana,Lantana camara,Rough opposite leaves; small multicolored flower clusters; black berries; non-native invasive,Lantana.jpg,Non-native,Shrub,Poisonous,Toxic berries; ornamental; butterfly nectar; invasive in mild climates,,,https://www.google.com/search?q=Lantana%20California%20native%20plant,https://calscape.org/loc-california/cat-all/ord-popular/q-Lantana%20camara/poplevel-0
Bougainvillea,Bougainvillea sp.,Oval leaves with thorny stems; papery bright colored bracts; non-native tropical ornamental,Bougainvillea.jpg,Non-native,Vine,Caution,Ornamental thorny vine; thorns cause injury; drought-tolerant,,,https://www.google.com/search?q=Bougainvillea%20California%20native%20plant,https://calscape.org/loc-california/cat-all/ord-popular/q-Bougainvillea%20sp./poplevel-0
Field Bindweed,Convolvulus arvensis,Arrow-shaped leaves; small white to pink morning glory flowers; persistent rhizomes; non-native weed,Field_Bindweed.jpg,Non-native,Vine,Caution,Invasive; hard to eradicate; morning glory flowers; deep roots,,,https://www.google.com/search?q=Field%20Bindweed%20California%20native%20plant,https://calscape.org/loc-california/cat-all/ord-popular/q-Convolvulus%20arvensis/poplevel-0
Morning Glory (Bindweed),Calystegia macrostegia,Arrow or kidney-shaped leaves; large white trumpet flowers; climbing; can be native or non-native,Morning_Glory.jpg,Non-native,Vine,Caution,Ornamental invasive; seeds toxic; twining garden vine,,,https://www.google.com/search?q=Morning%20Glory%20%28Bindweed%29%20California%20native%20plant,https://calscape.org/loc-california/cat-all/ord-popular/q-Calystegia%20macrostegia/poplevel-0
Dodder (Field),Cuscuta campestris,Leafless orange-yellow twining parasitic stems; tiny white flowers; no chlorophyll,Dodder.jpg,Non-native,Vine,Not edible,Parasitic vine; smothers host plants; invasive; no chlorophyll,,,https://www.google.com/search?q=Dodder%20%28Field%29%20California%20native%20plant,https://calscape.org/loc-california/cat-all/ord-popular/q-Cuscuta%20campestris/poplevel-0
Fountain Grass,Cenchrus setaceus,Narrow arching leaves; fuzzy pink-purple bottlebrush seed heads; invasive ornamental grass,Fountain_Grass.jpg,Non-native,Grass,Not edible,Invasive ornamental; fire hazard; displaces native plants,,,https://www.google.com/search?q=Fountain%20Grass%20California%20native%20plant,https://calscape.org/loc-california/cat-all/ord-popular/q-Cenchrus%20setaceus/poplevel-0
African Lovegrass,Eragrostis curvula,Fine dark green arching leaves; open lacy seed heads; invasive; roadsides and dry slopes,African_Lovegrass.jpg,Non-native,Grass,Not edible,Invasive; fire hazard; displaces native grasses,,,https://www.google.com/search?q=African%20Lovegrass%20California%20native%20plant,https://calscape.org/loc-california/cat-all/ord-popular/q-Eragrostis%20curvula/poplevel-0
Veldt Grass,Ehrharta calycina,Flat soft leaves; drooping seed heads with inflated lemmas; non-native invasive grass,Veldt_Grass.jpg,Non-native,Grass,Not edible,Invasive; fire hazard; South African origin; dry slope weed,,,https://www.google.com/search?q=Veldt%20Grass%20California%20native%20plant,https://calscape.org/loc-california/cat-all/ord-popular/q-Ehrharta%20calycina/poplevel-0
Common Fig (Feral),Ficus carica,Large deeply lobed leaves; enclosed flower receptacle (the fig); edible fruit; naturalizes near water,Common_Fig.jpg,Non-native,Tree,Edible,Edible fruit; wildlife food; riparian invasive; ornamental,,,https://www.google.com/search?q=Common%20Fig%20%28Feral%29%20California%20native%20plant,https://calscape.org/loc-california/cat-all/ord-popular/q-Ficus%20carica/poplevel-0
Tree Mallow,Malva arborea,Large rounded lobed leaves; purple-veined pink flowers; tall non-native biennial; coastal,Tree_Mallow.jpg,Non-native,Herb,Edible,Edible leaves & flowers; ornamental; coastal weed; bee forage,,,https://www.google.com/search?q=Tree%20Mallow%20California%20native%20plant,https://calscape.org/loc-california/cat-all/ord-popular/q-Malva%20arborea/poplevel-0
Pride of Madeira,Echium candicans,Long hairy narrow leaves; tall spikes of blue-purple flowers; non-native invasive shrub,Pride_of_Madeira.jpg,Non-native,Shrub,Not edible,Ornamental coastal shrub; bee forage; can naturalize; blue spires,,,https://www.google.com/search?q=Pride%20of%20Madeira%20California%20native%20plant,https://calscape.org/loc-california/cat-all/ord-popular/q-Echium%20candicans/poplevel-0
Spanish Broom,Spartium junceum,Rush-like green stems; few small leaves; fragrant yellow pea flowers; invasive shrub,Spanish_Broom.jpg,Non-native,Shrub,Poisonous,Invasive; toxic seeds; fire hazard; ornamental yellow flowers,,,https://www.google.com/search?q=Spanish%20Broom%20California%20native%20plant,https://calscape.org/loc-california/cat-all/ord-popular/q-Spartium%20junceum/poplevel-0
French Broom,Genista monspessulana,3 leaflets; yellow pea flowers; non-native invasive shrub; toxic; fire-adapted,French_Broom.jpg,Non-native,Shrub,Poisonous,Highly invasive; toxic; fire hazard; hard to eradicate; nitrogen fixer,,,https://www.google.com/search?q=French%20Broom%20California%20native%20plant,https://calscape.org/loc-california/cat-all/ord-popular/q-Genista%20monspessulana/poplevel-0
Scotch Broom,Cytisus scoparius,3 leaflets or simple; yellow pea flowers; angular green stems; invasive shrub; coastal,Scotch_Broom.jpg,Non-native,Shrub,Poisonous,Highly invasive; toxic; fire hazard; hard to eradicate,,,https://www.google.com/search?q=Scotch%20Broom%20California%20native%20plant,https://calscape.org/loc-california/cat-all/ord-popular/q-Cytisus%20scoparius/poplevel-0
Gorse,Ulex europaeus,Spiny shrub with reduced leaves; yellow pea flowers; invasive; fire hazard; coastal scrub,Gorse.jpg,Non-native,Shrub,Not edible,Invasive spiny shrub; fire hazard; impenetrable thickets,,,https://www.google.com/search?q=Gorse%20California%20native%20plant,https://calscape.org/loc-california/cat-all/ord-popular/q-Ulex%20europaeus/poplevel-0
Australian Saltbush,Atriplex semibaccata,Small grayish oval leaves; mealy coating; prostrate spreading; non-native groundcover,Australian_Saltbush.jpg,Non-native,Shrub,Edible,Edible salty leaves; drought-tolerant; erosion control; ornamental,,,https://www.google.com/search?q=Australian%20Saltbush%20California%20native%20plant,https://calscape.org/loc-california/cat-all/ord-popular/q-Atriplex%20semibaccata/poplevel-0
Russian Olive,Elaeagnus angustifolia,Narrow silver-gray leaves; fragrant yellow flowers; olive-like fruits; non-native invasive riparian,Russian_Olive.jpg,Non-native,Tree,Edible,Edible fruit; wildlife food; invasive riparian; silver foliage,,,https://www.google.com/search?q=Russian%20Olive%20California%20native%20plant,https://calscape.org/loc-california/cat-all/ord-popular/q-Elaeagnus%20angustifolia/poplevel-0
White Mulberry,Morus alba,Variable lobed glossy leaves; white to pink edible berries; non-native; fast-growing,White_Mulberry.jpg,Non-native,Tree,Edible,Edible berries; silkworm host; invasive urban tree; wildlife food,,,https://www.google.com/search?q=White%20Mulberry%20California%20native%20plant,https://calscape.org/loc-california/cat-all/ord-popular/q-Morus%20alba/poplevel-0
Common Hawthorn,Crataegus monogyna,Lobed leaves; white flowers; single-seeded red haws; spiny branches; non-native,Common_Hawthorn.jpg,Non-native,Tree,Edible,Edible berries (haws); medicinal heart tonic; wildlife; hedging,,,https://www.google.com/search?q=Common%20Hawthorn%20California%20native%20plant,https://calscape.org/loc-california/cat-all/ord-popular/q-Crataegus%20monogyna/poplevel-0
London Plane Tree,Platanus x acerifolia,Large maple-like leaves; mottled peeling bark; spherical seed balls; non-native urban tree,London_Plane_Tree.jpg,Non-native,Tree,Not edible,Street tree; pollution-tolerant; ornamental bark; wildlife,,,https://www.google.com/search?q=London%20Plane%20Tree%20California%20native%20plant,https://calscape.org/loc-california/cat-all/ord-popular/q-Platanus%20x%20acerifolia/poplevel-0
Canary Island Pine,Pinus canariensis,Very long drooping needles in 3s; large cones; blue-green juvenile foliage; non-native,Canary_Island_Pine.jpg,Non-native,Tree,Not edible,Ornamental street tree; fire-adapted; drought-tolerant,,,https://www.google.com/search?q=Canary%20Island%20Pine%20California%20native%20plant,https://calscape.org/loc-california/cat-all/ord-popular/q-Pinus%20canariensis/poplevel-0
Italian Cypress,Cupressus sempervirens,Scale-like leaves; narrow columnar form; round gray-brown cones; non-native ornamental,Italian_Cypress.jpg,Non-native,Tree,Not edible,Ornamental architectural tree; cemetery planting; windbreak,,,https://www.google.com/search?q=Italian%20Cypress%20California%20native%20plant,https://calscape.org/loc-california/cat-all/ord-popular/q-Cupressus%20sempervirens/poplevel-0
Artichoke,Cynara scolymus,Large spiny lobed leaves; purple thistle-like flowers when uncut; edible bud; non-native crop,Artichoke.jpg,Non-native,Herb,Edible,Edible flower buds; ornamental silvery foliage; bee forage,,,https://www.google.com/search?q=Artichoke%20California%20native%20plant,https://calscape.org/loc-california/cat-all/ord-popular/q-Cynara%20scolymus/poplevel-0
